name,site,description,about,business_status,phone,full_address,street,city,state,price_range,postal_code,latitude,longitude,before_and_after_photo,photo,street_view,working_hours,logo,reservation_links,,reviews,booking_appointment_link
TattooMedics Laser Tattoo Removal,http://www.tattoomedics.com/,"TattooMedics offers advanced laser tattoo removal services with a focus on safe, effective results using state-of-the-art technology.","{""From the business"": {""Identifies as LGBTQ+ owned"": true}, ""Service options"": {""Language assistance"": ""Italian""}, ""Accessibility"": {""Wheelchair accessible parking lot"": true, ""Wheelchair accessible restroom"": true}, ""Amenities"": {""Gender-neutral restroom"": true, ""Restroom"": true}, ""Crowd"": {""LGBTQ+ friendly"": true, ""Transgender safespace"": true}, ""Planning"": {""Appointment required"": true, ""Appointments recommended"": true}, ""Other"": {""LGBTQ+ friendly"": true, ""Identifies as LGBTQ+ owned"": true}}",OPERATIONAL,+1 401-217-0077,"226 Atwells Ave, Providence, RI 02903",226 Atwells Ave,Providence,Rhode Island,$200 - $600,02903,41.8233362,-71.4256009,,https://lh5.googleusercontent.com/p/AF1QipPZ0TkJ_TqOQz3FtmHwQC3pL6Aevm5-v6dpXE5r=w800-h500-k-no,https://lh5.googleusercontent.com/p/AF1QipPZ0TkJ_TqOQz3FtmHwQC3pL6Aevm5-v6dpXE5r=w1600-h1000-k-no,"{""Monday"": ""Closed"", ""Tuesday"": ""12-6PM"", ""Wednesday"": ""12-6PM"", ""Thursday"": ""12-6PM"", ""Friday"": ""11AM-6PM"", ""Saturday"": ""11AM-6PM"", ""Sunday"": ""Closed""}",https://lh3.googleusercontent.com/-iPxB0z1zQf0/AAAAAAAAAAI/AAAAAAAAAAA/xrSX9RXgVeo/s44-p-k-no-ns-nd/photo.jpg,,,51,"https://www.google.com/maps/place/TattooMedics+Laser+Tattoo+Removal/@41.8233362,-71.42560089999999,14z/data=!4m8!1m2!2m1!1sTattooMedics+Laser+Tattoo+Removal!3m4!1s0x89e4450b135f3acd:0x5ba6ba2ba26ab873!8m2!3d41.8233362!4d-71.42560089999999"
Removery Tattoo Removal & Fading,https://removery.com/tattoo-removal/locations/nc/raleigh/pleasant-valley/?rsi=3ecff237-8ef6-40d4-91f5-eb78b0566942,"  Removery is the world’s leading tattoo removal company, specializing in safe, expert laser treatments to remove or fade unwanted ink.","{""Service options"": {""Language assistance"": ""English, Spanish""}, ""Accessibility"": {""Wheelchair accessible entrance"": true, ""Wheelchair accessible parking lot"": true, ""Wheelchair accessible restroom"": true, ""Wheelchair accessible seating"": true}, ""Amenities"": {""Gender-neutral restroom"": true, ""Restroom"": true, ""Restaurant"": false}, ""Crowd"": {""LGBTQ+ friendly"": true, ""Transgender safespace"": true}, ""Planning"": {""Appointments recommended"": true}, ""Other"": {""LGBTQ+ friendly"": true}}",OPERATIONAL,+1 919-887-8374,"6274 Glenwood Ave Suite 106, Raleigh, NC 27612",6274 Glenwood Ave Suite 106,Raleigh,North Carolina,$175 - $550,27612,35.8581243,-78.7036524,https://lh5.googleusercontent.com/p/AF1QipNfbJ0X6TouOkFO-HGpjjsxr9oGo_HGIpFXEY4q=w800-h500-k-no ,https://lh5.googleusercontent.com/p/AF1QipNfbJ0X6TouOkFO-HGpjjsxr9oGo_HGIpFXEY4q=w800-h500-k-no ,https://lh5.googleusercontent.com/p/AF1QipNfbJ0X6TouOkFO-HGpjjsxr9oGo_HGIpFXEY4q=w1600-h1000-k-no,"{""Monday"": ""Closed"", ""Tuesday"": ""9:30AM-6PM"", ""Wednesday"": ""9:30AM-6PM"", ""Thursday"": ""9:30AM-6PM"", ""Friday"": ""9AM-5PM"", ""Saturday"": ""9AM-3PM"", ""Sunday"": ""Closed""}",https://lh4.googleusercontent.com/-jzq2lVEWkII/AAAAAAAAAAI/AAAAAAAAAAA/-LBvhYzWpcE/s44-p-k-no-ns-nd/photo.jpg,,https://removery.com/online-booking/?rsi=2d7320e2-ffad-4475-aa39-1b9681252a12,357,"https://www.google.com/maps/place/Removery+Tattoo+Removal+%26+Fading/@35.8581243,-78.7036524,14z/data=!4m8!1m2!2m1!1sRemovery+Tattoo+Removal+%26+Fading!3m4!1s0x89acf7f1fc13b487:0x67a67a1d2497e27!8m2!3d35.8581243!4d-78.7036524"
Removery Tattoo Removal & Fading,http://removery.com/,"Removery is the world’s leading tattoo removal company, specializing in safe, expert laser treatments to remove or fade unwanted ink.","{""Accessibility"": {""Wheelchair accessible entrance"": true, ""Wheelchair accessible parking lot"": true, ""Wheelchair accessible restroom"": true}, ""Amenities"": {""Restroom"": true, ""Restaurant"": false}, ""Planning"": {""Appointments recommended"": true}}",OPERATIONAL,+1 866-828-4059,"9749 Northlake Centre Pkwy A, Charlotte, NC 28216",9749 Northlake Centre Pkwy A,Charlotte,North Carolina,$175 - $550,28216,35.3481499,-80.85862,https://lh5.googleusercontent.com/p/AF1QipPtVwCcgfxuNnC_0f-B80M_QAe03zWAQmUK8GU=w800-h500-k-no ,https://lh5.googleusercontent.com/p/AF1QipPtVwCcgfxuNnC_0f-B80M_QAe03zWAQmUK8GU=w800-h500-k-no ,https://lh5.googleusercontent.com/p/AF1QipPtVwCcgfxuNnC_0f-B80M_QAe03zWAQmUK8GU=w1600-h1000-k-no,"{""Monday"": ""Closed"", ""Tuesday"": ""9:30AM-6PM"", ""Wednesday"": ""9:30AM-6PM"", ""Thursday"": ""9:30AM-6PM"", ""Friday"": ""9AM-5PM"", ""Saturday"": ""9AM-1PM"", ""Sunday"": ""Closed""}",https://lh5.googleusercontent.com/-59cWxu8rFZU/AAAAAAAAAAI/AAAAAAAAAAA/NXQDh2RgLUM/s44-p-k-no-ns-nd/photo.jpg,,https://removery.com/online-booking/?rsi=2d7320e2-ffad-4475-aa39-1b9681252a12,182,"https://www.google.com/maps/place/Removery+Tattoo+Removal+%26+Fading/@35.348149899999996,-80.85862,14z/data=!4m8!1m2!2m1!1sRemovery+Tattoo+Removal+%26+Fading!3m4!1s0x8856a7fe725eda11:0x9a5968550448afe2!8m2!3d35.348149899999996!4d-80.85862"
Renewal Tattoo Removal,http://renewaltattooremoval.com/,"Renewal Tattoo Removal provides professional laser tattoo removal services, helping clients achieve clear skin with personalized care.","{""Service options"": {""Language assistance"": ""English""}, ""Accessibility"": {""Wheelchair accessible entrance"": true, ""Wheelchair accessible parking lot"": true, ""Wheelchair accessible restroom"": true}, ""Amenities"": {""Restroom"": true}, ""Planning"": {""Appointment required"": true, ""Appointments recommended"": true}}",OPERATIONAL,+1 919-948-6003,"7920 ACC Blvd 320 / Room #2, Raleigh, NC 27617",7920 ACC Blvd 320 / Room #2,Raleigh,North Carolina,$175 - $550,27617,35.917806,-78.7801275,https://lh5.googleusercontent.com/p/AF1QipO8WpnOZA2NCq4LaIRo2pkFkmq6rHQRP6J38Mcx=w800-h500-k-no ,https://lh5.googleusercontent.com/p/AF1QipO8WpnOZA2NCq4LaIRo2pkFkmq6rHQRP6J38Mcx=w800-h500-k-no ,https://lh5.googleusercontent.com/p/AF1QipO8WpnOZA2NCq4LaIRo2pkFkmq6rHQRP6J38Mcx=w1600-h1000-k-no,"{""Monday"": ""Closed"", ""Tuesday"": ""9:30AM-4:30PM"", ""Wednesday"": ""9:30AM-4:30PM"", ""Thursday"": ""9:30AM-4:30PM"", ""Friday"": ""9:30AM-4:30PM"", ""Saturday"": ""Closed"", ""Sunday"": ""Closed""}",https://lh5.googleusercontent.com/-cHO-Dx2_wuE/AAAAAAAAAAI/AAAAAAAAAAA/0l72Lm6tVTU/s44-p-k-no-ns-nd/photo.jpg,,https://renewaltattooremoval.as.me?hl=en-US&gei=CGTQZ-PqDOT-ptQP5rWasAU&rwg_token=AAiGsoYU4B27F5uNosoj4-8GV5Dw3wEsrtDpqq6Me_nDEpmBKRGlqGF8Xg_i9I0wv9mPNgaVDVLQopMw2BSevV0GnlrH3PfXdg%3D%3D,32,"https://www.google.com/maps/place/Renewal+Tattoo+Removal/@35.917806,-78.78012749999999,14z/data=!4m8!1m2!2m1!1sRenewal+Tattoo+Removal!3m4!1s0x89acfa705fefdb5d:0x9dbc0273a90a75ad!8m2!3d35.917806!4d-78.78012749999999"
Vanish-Ink Laser Tattoo Removal,https://vanish-ink.com/,"Vanish-Ink offers cutting-edge laser tattoo removal, dedicated to erasing unwanted tattoos safely and efficiently.","{""Accessibility"": {""Wheelchair accessible parking lot"": true, ""Wheelchair accessible restroom"": true}, ""Amenities"": {""Restroom"": true}, ""Planning"": {""Appointment required"": true, ""Appointments recommended"": true}}",OPERATIONAL,+1 704-334-0007,"310 East Blvd Suite C4, Charlotte, NC 28203",310 East Blvd Suite C4,Charlotte,North Carolina,$175 - $550,28203,35.2103186,-80.8563468,,https://lh5.googleusercontent.com/p/AF1QipOhZnqRz0MDWMAyLSIJ6Yb5OzKTUxA0ZmazMOLs=w800-h500-k-no ,https://lh5.googleusercontent.com/p/AF1QipOhZnqRz0MDWMAyLSIJ6Yb5OzKTUxA0ZmazMOLs=w1600-h1000-k-no,"{""Monday"": ""Closed"", ""Tuesday"": ""9AM-5PM"", ""Wednesday"": ""9AM-5PM"", ""Thursday"": ""9AM-5PM"", ""Friday"": ""9AM-5PM"", ""Saturday"": ""9AM-1PM"", ""Sunday"": ""Closed""}",https://lh4.googleusercontent.com/-umUXDSjgopE/AAAAAAAAAAI/AAAAAAAAAAA/Z91xWjMVbSE/s44-p-k-no-ns-nd/photo.jpg,,,77,"https://www.google.com/maps/place/Vanish-Ink+Laser+Tattoo+Removal/@35.2103186,-80.8563468,14z/data=!4m8!1m2!2m1!1sVanish-Ink+Laser+Tattoo+Removal!3m4!1s0x88569f99e573cbb1:0x6394f1f1c874c405!8m2!3d35.2103186!4d-80.8563468"
Removery Tattoo Removal & Fading,https://removery.com/tattoo-removal/locations/va/washington-dc/vienna/?rsi=3ecff237-8ef6-40d4-91f5-eb78b0566942,"Removery is the world’s leading tattoo removal company, specializing in safe, expert laser treatments to remove or fade unwanted ink.","{""Service options"": {""Language assistance"": ""English, Spanish""}, ""Accessibility"": {""Wheelchair accessible parking lot"": true, ""Wheelchair accessible restroom"": true, ""Wheelchair accessible seating"": true}, ""Amenities"": {""Gender-neutral restroom"": true, ""Restroom"": true, ""Restaurant"": false}, ""Crowd"": {""LGBTQ+ friendly"": true, ""Transgender safespace"": true}, ""Planning"": {""Appointments recommended"": true}, ""Other"": {""LGBTQ+ friendly"": true}}",OPERATIONAL,+1 704-850-5367,"431 Maple Ave W, Vienna, VA 22180",431 Maple Ave W,Vienna,Virginia,$175 - $550,22180,38.895518,-77.273447,https://lh5.googleusercontent.com/p/AF1QipO9IOpVN6jEcvZWBppP8H3jLes67FbxSkIZ1cb_=w800-h500-k-no ,https://lh5.googleusercontent.com/p/AF1QipO9IOpVN6jEcvZWBppP8H3jLes67FbxSkIZ1cb_=w800-h500-k-no ,https://lh5.googleusercontent.com/p/AF1QipO9IOpVN6jEcvZWBppP8H3jLes67FbxSkIZ1cb_=w1600-h1000-k-no,"{""Monday"": ""Closed"", ""Tuesday"": ""9:30AM-6PM"", ""Wednesday"": ""9:30AM-6PM"", ""Thursday"": ""9:30AM-6PM"", ""Friday"": ""9AM-5PM"", ""Saturday"": ""9AM-1PM"", ""Sunday"": ""Closed""}",https://lh4.googleusercontent.com/-k37gKFsNavw/AAAAAAAAAAI/AAAAAAAAAAA/kzkj4Xb4VXY/s44-p-k-no-ns-nd/photo.jpg,,https://removery.com/online-booking/?rsi=2d7320e2-ffad-4475-aa39-1b9681252a12,398,"https://www.google.com/maps/place/Removery+Tattoo+Removal+%26+Fading/@38.895517999999996,-77.27344699999999,14z/data=!4m8!1m2!2m1!1sRemovery+Tattoo+Removal+%26+Fading!3m4!1s0x89b64bc340040d65:0xe823475cbd6a75b6!8m2!3d38.895517999999996!4d-77.27344699999999"
Advanced Aesthetics Ink Laser Tattoo Removal,https://aailasertattooremoval.com/,"Advanced Aesthetics Ink delivers expert laser tattoo removal with a focus on precision, comfort, and skin health.","{""Accessibility"": {""Wheelchair accessible entrance"": true, ""Wheelchair accessible parking lot"": true, ""Wheelchair accessible restroom"": true}, ""Amenities"": {""Restroom"": true}, ""Planning"": {""Appointment required"": true, ""Appointments recommended"": true}}",OPERATIONAL,+1 508-991-1616,"13 Russells Mills Rd, South Dartmouth, MA 02748",13 Russells Mills Rd,South Dartmouth,Massachusetts,$200 - $650,02748,41.6088473,-70.941411,https://lh5.googleusercontent.com/p/AF1QipOBVDBaxJjnP6GpkxUB8tsgt_AaRtE_4c7AJ_yt=w800-h500-k-no ,https://lh5.googleusercontent.com/p/AF1QipOBVDBaxJjnP6GpkxUB8tsgt_AaRtE_4c7AJ_yt=w800-h500-k-no ,https://lh5.googleusercontent.com/p/AF1QipOBVDBaxJjnP6GpkxUB8tsgt_AaRtE_4c7AJ_yt=w1600-h1000-k-no,"{""Monday"": ""Closed"", ""Tuesday"": ""9:30AM-7:30PM"", ""Wednesday"": ""9:30AM-6PM"", ""Thursday"": ""9:30AM-7PM"", ""Friday"": ""9:30AM-6PM"", ""Saturday"": ""9:30AM-2PM"", ""Sunday"": ""Closed""}",https://lh6.googleusercontent.com/-hzn0s8On4dE/AAAAAAAAAAI/AAAAAAAAAAA/eZp1r9v9f8U/s44-p-k-no-ns-nd/photo.jpg,,,79,"https://www.google.com/maps/place/Advanced+Aesthetics+Ink+Laser+Tattoo+Removal/@41.6088473,-70.941411,14z/data=!4m8!1m2!2m1!1sAdvanced+Aesthetics+Ink+Laser+Tattoo+Removal!3m4!1s0x89e4e36f9ea1d55d:0x22215aab77bcc657!8m2!3d41.6088473!4d-70.941411"
Bye Bye Ink Laser Tattoo Removal,http://www.byebyeink.nyc/,Bye Bye Ink provides professional tattoo removal services using advanced laser technology to help clients say goodbye to unwanted tattoos.,"{""From the business"": {""Identifies as women-owned"": true}, ""Service options"": {""Language assistance"": ""English, Spanish""}, ""Accessibility"": {""Wheelchair accessible entrance"": true, ""Wheelchair accessible restroom"": true, ""Wheelchair accessible parking lot"": false}, ""Amenities"": {""Restroom"": true}, ""Crowd"": {""LGBTQ+ friendly"": true}, ""Planning"": {""Appointment required"": true, ""Appointments recommended"": true}, ""Other"": {""LGBTQ+ friendly"": true, ""Identifies as women-owned"": true}}",OPERATIONAL,+1 347-396-5234,"Lower Level, 75-17 Metropolitan Ave, Middle Village, NY 11379","Lower Level, 75-17 Metropolitan Ave",Middle Village,New York,$200 - $700,11379,40.7131616,-73.8767996,https://lh5.googleusercontent.com/p/AF1QipPMkaqnqtYY6lCON6B66Dn2mD1ydnT0CRPCIZG6=w800-h500-k-no ,https://lh5.googleusercontent.com/p/AF1QipPMkaqnqtYY6lCON6B66Dn2mD1ydnT0CRPCIZG6=w800-h500-k-no ,https://lh5.googleusercontent.com/p/AF1QipPMkaqnqtYY6lCON6B66Dn2mD1ydnT0CRPCIZG6=w1600-h1000-k-no,"{""Monday"": ""11AM-7PM"", ""Tuesday"": ""11AM-7PM"", ""Wednesday"": ""11AM-7PM"", ""Thursday"": ""11AM-7PM"", ""Friday"": ""11AM-7PM"", ""Saturday"": ""10AM-5PM"", ""Sunday"": ""Closed""}",https://lh4.googleusercontent.com/-CLLAHcO26lI/AAAAAAAAAAI/AAAAAAAAAAA/f6PqwWHKfD0/s44-p-k-no-ns-nd/photo.jpg,,https://byebyeink.janeapp.com/?hl=en-US&gei=gGPQZ7GbJLqUxc8P6sLpiQk,229,"https://www.google.com/maps/place/Bye+Bye+Ink+Laser+Tattoo+Removal/@40.7131616,-73.8767996,14z/data=!4m8!1m2!2m1!1sBye+Bye+Ink+Laser+Tattoo+Removal!3m4!1s0x89c25df5aa4795a9:0x9a1cccaa06336eb4!8m2!3d40.7131616!4d-73.8767996"
Tattoo Savior - Laser Tattoo Removal,http://www.tattoosavior.com/,"Tattoo Savior specializes in laser tattoo removal, offering a compassionate approach to help clients erase tattoos and start fresh.","{""Service options"": {""In-store shopping"": true, ""Onsite services"": true, ""Delivery"": false, ""Same-day delivery"": false}, ""Accessibility"": {""Wheelchair accessible entrance"": true, ""Wheelchair accessible parking lot"": true}, ""Planning"": {""Appointment required"": true}, ""Payments"": {""Credit cards"": true, ""Debit cards"": true}}",OPERATIONAL,+1 724-292-8338,"408 W Main St, Monongahela, PA 15063",408 W Main St,Monongahela,Pennsylvania,$175 - $600,15063,40.2030599,-79.9263909,,https://lh5.googleusercontent.com/p/AF1QipMVzlEyFMNiLGCwfl9sGXCBhpM9NsT4SyiRX62N=w800-h500-k-no ,https://lh5.googleusercontent.com/p/AF1QipMVzlEyFMNiLGCwfl9sGXCBhpM9NsT4SyiRX62N=w1600-h1000-k-no,"{""Monday"": ""5:30-8:30PM"", ""Tuesday"": ""1:30-8:30PM"", ""Wednesday"": ""1:30-8:30PM"", ""Thursday"": ""5:30-8:30PM"", ""Friday"": ""1:30-8:30PM"", ""Saturday"": ""1:30-7PM"", ""Sunday"": ""Closed""}",https://lh3.googleusercontent.com/-IkuzD_D5BkI/AAAAAAAAAAI/AAAAAAAAAAA/tx43CAUJ3BU/s44-p-k-no-ns-nd/photo.jpg,,https://tattoo-savior.square.site/?hl=en-US&gei=gGPQZ7GbJLqUxc8P6sLpiQk,29,"https://www.google.com/maps/place/Tattoo+Savior+-+Laser+Tattoo+Removal/@40.2030599,-79.9263909,14z/data=!4m8!1m2!2m1!1sTattoo+Savior+-+Laser+Tattoo+Removal!3m4!1s0x8834fd51a1d9ab2d:0xa21c3b64414bfb23!8m2!3d40.2030599!4d-79.9263909"
Removery Tattoo Removal & Fading,https://removery.com/tattoo-removal/locations/ma/northampton/pleasant-st/?rsi=3ecff237-8ef6-40d4-91f5-eb78b0566942,"Removery is the world’s leading tattoo removal company, specializing in safe, expert laser treatments to remove or fade unwanted ink.","{""Service options"": {""Onsite services"": true, ""Language assistance"": ""English, Spanish""}, ""Accessibility"": {""Wheelchair accessible entrance"": true, ""Wheelchair accessible parking lot"": true, ""Wheelchair accessible restroom"": true, ""Wheelchair accessible seating"": true}, ""Amenities"": {""Gender-neutral restroom"": true, ""Restroom"": true, ""Restaurant"": false}, ""Crowd"": {""LGBTQ+ friendly"": true, ""Transgender safespace"": true}, ""Planning"": {""Appointments recommended"": true}, ""Other"": {""LGBTQ+ friendly"": true}}",OPERATIONAL,+1 413-225-4206,"271 Pleasant St, Northampton, MA 01060",271 Pleasant St,Northampton,Massachusetts,$200 - $650,01060,42.3167341,-72.6263059,https://lh5.googleusercontent.com/p/AF1QipPPxNleVdCsKAllqdlQJ2kpa89NMv1i9Hqsc5Ll=w800-h500-k-no ,https://lh5.googleusercontent.com/p/AF1QipPPxNleVdCsKAllqdlQJ2kpa89NMv1i9Hqsc5Ll=w800-h500-k-no ,https://lh5.googleusercontent.com/p/AF1QipPPxNleVdCsKAllqdlQJ2kpa89NMv1i9Hqsc5Ll=w1600-h1000-k-no,"{""Monday"": ""Closed"", ""Tuesday"": ""9:30AM-6PM"", ""Wednesday"": ""9:30AM-6PM"", ""Thursday"": ""9:30AM-6PM"", ""Friday"": ""9:30AM-5PM"", ""Saturday"": ""9AM-3PM"", ""Sunday"": ""Closed""}",https://lh5.googleusercontent.com/-Epd0VPYxss0/AAAAAAAAAAI/AAAAAAAAAAA/siYMB61varo/s44-p-k-no-ns-nd/photo.jpg,,https://removery.com/online-booking/?rsi=2d7320e2-ffad-4475-aa39-1b9681252a12,294,"https://www.google.com/maps/place/Removery+Tattoo+Removal+%26+Fading/@42.3167341,-72.62630589999999,14z/data=!4m8!1m2!2m1!1sRemovery+Tattoo+Removal+%26+Fading!3m4!1s0x89e6d8fc55ac61ab:0xa6b71db07f23f693!8m2!3d42.3167341!4d-72.62630589999999"
Removery Tattoo Removal & Fading,https://removery.com/tattoo-removal/locations/ma/boston/burlington/?rsi=3ecff237-8ef6-40d4-91f5-eb78b0566942,"Removery is the world’s leading tattoo removal company, specializing in safe, expert laser treatments to remove or fade unwanted ink.","{""Service options"": {""Language assistance"": ""English, Spanish""}, ""Accessibility"": {""Wheelchair accessible entrance"": true, ""Wheelchair accessible parking lot"": true, ""Wheelchair accessible restroom"": true, ""Wheelchair accessible seating"": true}, ""Amenities"": {""Gender-neutral restroom"": true, ""Restroom"": true, ""Restaurant"": false}, ""Crowd"": {""LGBTQ+ friendly"": true, ""Transgender safespace"": true}, ""Planning"": {""Appointments recommended"": true}, ""Other"": {""LGBTQ+ friendly"": true}}",OPERATIONAL,+1 781-713-3427,"85 Middlesex Turnpike Suite 3062, Burlington, MA 01803",85 Middlesex Turnpike Suite 3062,Burlington,Massachusetts,$200 - $650,01803,42.4843196,-71.216728,https://lh5.googleusercontent.com/p/AF1QipM3gV_xvgXgDnELA0_WrppBAlHpI45pVhdJqY-B=w800-h500-k-no ,https://lh5.googleusercontent.com/p/AF1QipM3gV_xvgXgDnELA0_WrppBAlHpI45pVhdJqY-B=w800-h500-k-no ,https://lh5.googleusercontent.com/p/AF1QipM3gV_xvgXgDnELA0_WrppBAlHpI45pVhdJqY-B=w1600-h1000-k-no,"{""Monday"": ""Closed"", ""Tuesday"": ""11AM-7PM"", ""Wednesday"": ""10AM-6PM"", ""Thursday"": ""9:30AM-5:30PM"", ""Friday"": ""9AM-5PM"", ""Saturday"": ""9AM-3PM"", ""Sunday"": ""Closed""}",https://lh6.googleusercontent.com/-TUBuOSGMMn8/AAAAAAAAAAI/AAAAAAAAAAA/b9pUfKkPQbI/s44-p-k-no-ns-nd/photo.jpg,,https://removery.com/online-booking/?rsi=2d7320e2-ffad-4475-aa39-1b9681252a12,306,"https://www.google.com/maps/place/Removery+Tattoo+Removal+%26+Fading/@42.4843196,-71.216728,14z/data=!4m8!1m2!2m1!1sRemovery+Tattoo+Removal+%26+Fading!3m4!1s0x89e39f6cc608676b:0x343e4a3ae4f179a5!8m2!3d42.4843196!4d-71.216728"
Removery Tattoo Removal & Fading,https://removery.com/tattoo-removal/locations/ma/boston/framingham/?rsi=3ecff237-8ef6-40d4-91f5-eb78b0566942,"Removery is the world’s leading tattoo removal company, specializing in safe, expert laser treatments to remove or fade unwanted ink.",,OPERATIONAL,+1 508-715-3406,"160 Speen St #300, Framingham, MA 01703",160 Speen St #300,Framingham,Massachusetts,$200 - $650,01703,42.3095251,-71.3837412,https://lh5.googleusercontent.com/p/AF1QipP44EdxtXpaNYKCbWeL1TbAOwR5kT7RrZE8i3U=w800-h500-k-no ,https://lh5.googleusercontent.com/p/AF1QipP44EdxtXpaNYKCbWeL1TbAOwR5kT7RrZE8i3U=w800-h500-k-no ,https://lh5.googleusercontent.com/p/AF1QipP44EdxtXpaNYKCbWeL1TbAOwR5kT7RrZE8i3U=w1600-h1000-k-no,"{""Monday"": ""Closed"", ""Tuesday"": ""9:30AM-6PM"", ""Wednesday"": ""9:30AM-6PM"", ""Thursday"": ""9:30AM-6PM"", ""Friday"": ""9AM-5PM"", ""Saturday"": ""9AM-3PM"", ""Sunday"": ""Closed""}",https://lh4.googleusercontent.com/-wCSNIT4AQmQ/AAAAAAAAAAI/AAAAAAAAAAA/kovAOVi-xPE/s44-p-k-no-ns-nd/photo.jpg,,https://removery.com/online-booking/?rsi=2d7320e2-ffad-4475-aa39-1b9681252a12,217,"https://www.google.com/maps/place/Removery+Tattoo+Removal+%26+Fading/@42.309525099999995,-71.3837412,14z/data=!4m8!1m2!2m1!1sRemovery+Tattoo+Removal+%26+Fading!3m4!1s0x89e388f4ed928aab:0xe015627c2e730579!8m2!3d42.309525099999995!4d-71.3837412"
Inland Empire Tattoo Removal,http://ietattooremoval.com/,"Inland Empire Tattoo Removal offers expert laser tattoo removal services, helping clients in the region achieve ink-free skin.","{""Accessibility"": {""Wheelchair accessible entrance"": true, ""Wheelchair accessible parking lot"": true, ""Wheelchair accessible restroom"": true}, ""Amenities"": {""Restroom"": true}, ""Planning"": {""Appointments recommended"": true}}",OPERATIONAL,+1 909-312-7607,"1895 Orange Tree Ln STE 201, Redlands, CA 92374",1895 Orange Tree Ln STE 201,Redlands,California,$200 - $700,92374,34.067328,-117.2170371,,https://lh5.googleusercontent.com/p/AF1QipPyDR7Z236hBSHSoQASqd7RyTJHhzNMHFdVAucr=w800-h500-k-no ,https://lh5.googleusercontent.com/p/AF1QipPyDR7Z236hBSHSoQASqd7RyTJHhzNMHFdVAucr=w1600-h1000-k-no,"{""Monday"": ""8AM-5PM"", ""Tuesday"": ""8AM-5PM"", ""Wednesday"": ""8AM-5PM"", ""Thursday"": ""8AM-5PM"", ""Friday"": ""8AM-5PM"", ""Saturday"": ""Closed"", ""Sunday"": ""Closed""}",https://lh4.googleusercontent.com/-Ha_bhawG-QA/AAAAAAAAAAI/AAAAAAAAAAA/JWM_l95ZCZs/s44-p-k-no-ns-nd/photo.jpg,,http://ietattooremoval.com/#contact,25,"https://www.google.com/maps/place/Inland+Empire+Tattoo+Removal/@34.067327999999996,-117.2170371,14z/data=!4m8!1m2!2m1!1sInland+Empire+Tattoo+Removal!3m4!1s0x80dcaa547028ee8f:0x9fb3b29da9ec640f!8m2!3d34.067327999999996!4d-117.2170371"
Removery Tattoo Removal & Fading,https://removery.com/tattoo-removal/locations/ca/los-angeles/riverside-la-sierra/?rsi=3ecff237-8ef6-40d4-91f5-eb78b0566942,"Removery is the world’s leading tattoo removal company, specializing in safe, expert laser treatments to remove or fade unwanted ink.","{""Service options"": {""Language assistance"": ""English, Spanish""}, ""Accessibility"": {""Wheelchair accessible entrance"": true, ""Wheelchair accessible parking lot"": true, ""Wheelchair accessible restroom"": true, ""Wheelchair accessible seating"": true}, ""Amenities"": {""Gender-neutral restroom"": true, ""Restroom"": true, ""Restaurant"": false}, ""Crowd"": {""LGBTQ+ friendly"": true, ""Transgender safespace"": true}, ""Planning"": {""Appointments recommended"": true}, ""Other"": {""LGBTQ+ friendly"": true}}",OPERATIONAL,+1 951-338-6891,"10303C Magnolia Ave, Riverside, CA 92505",10303C Magnolia Ave,Riverside,California,$200 - $700,92505,33.9131243,-117.462779,,https://lh5.googleusercontent.com/p/AF1QipO-fZ4rFBfBJP69Hb9903lqR8uN4zcDjqIODl1W=w800-h500-k-no ,https://lh5.googleusercontent.com/p/AF1QipO-fZ4rFBfBJP69Hb9903lqR8uN4zcDjqIODl1W=w1600-h1000-k-no,"{""Monday"": ""Closed"", ""Tuesday"": ""10AM-6PM"", ""Wednesday"": ""10AM-6PM"", ""Thursday"": ""10AM-6PM"", ""Friday"": ""10AM-6PM"", ""Saturday"": ""9:30AM-1:45PM"", ""Sunday"": ""Closed""}",https://lh6.googleusercontent.com/-wO8z8vnSQNY/AAAAAAAAAAI/AAAAAAAAAAA/q8xeI8YTwA4/s44-p-k-no-ns-nd/photo.jpg,,https://removery.com/online-booking/?rsi=2d7320e2-ffad-4475-aa39-1b9681252a12,218,"https://www.google.com/maps/place/Removery+Tattoo+Removal+%26+Fading/@33.9131243,-117.462779,14z/data=!4m8!1m2!2m1!1sRemovery+Tattoo+Removal+%26+Fading!3m4!1s0x80dcb7756f230fcf:0x2f0e86f39792cf42!8m2!3d33.9131243!4d-117.462779"
Removery Tattoo Removal & Fading,https://removery.com/tattoo-removal/locations/ca/los-angeles/riverside-chino-hills/?rsi=3ecff237-8ef6-40d4-91f5-eb78b0566942,"Removery is the world’s leading tattoo removal company, specializing in safe, expert laser treatments to remove or fade unwanted ink.","{""Service options"": {""Language assistance"": ""English, Spanish""}, ""Accessibility"": {""Wheelchair accessible entrance"": true, ""Wheelchair accessible parking lot"": true, ""Wheelchair accessible restroom"": true, ""Wheelchair accessible seating"": true}, ""Amenities"": {""Gender-neutral restroom"": true, ""Restroom"": true, ""Restaurant"": false}, ""Crowd"": {""LGBTQ+ friendly"": true, ""Transgender safespace"": true}, ""Planning"": {""Appointments recommended"": true}, ""Other"": {""LGBTQ+ friendly"": true}}",OPERATIONAL,+1 909-402-2324,"13855 City Center Dr Suite 3021, Chino Hills, CA 91709",13855 City Center Dr Suite 3021,Chino Hills,California,$200 - $700,91709,34.0013985,-117.7299151,,https://lh5.googleusercontent.com/p/AF1QipPx_etwiJf6LtWD7cfJh7CWHqCigaCuVQzE8 hm7=w800-h500-k-no ,https://lh5.googleusercontent.com/p/AF1QipPx_etwiJf6LtWD7cfJh7CWHqCigaCuVQzE8hm7=w1600-h1000-k-no,"{""Monday"": ""Closed"", ""Tuesday"": ""10AM-6PM"", ""Wednesday"": ""10AM-6PM"", ""Thursday"": ""10AM-6PM"", ""Friday"": ""10AM-6PM"", ""Saturday"": ""9:30AM-1:45PM"", ""Sunday"": ""Closed""}",https://lh4.googleusercontent.com/-D9rIoPxT_rY/AAAAAAAAAAI/AAAAAAAAAAA/QmoceOqZm6c/s44-p-k-no-ns-nd/photo.jpg,,https://removery.com/online-booking/?rsi=2d7320e2-ffad-4475-aa39-1b9681252a12,113,"https://www.google.com/maps/place/Removery+Tattoo+Removal+%26+Fading/@34.0013985,-117.7299151,14z/data=!4m8!1m2!2m1!1sRemovery+Tattoo+Removal+%26+Fading!3m4!1s0x80c333bd8357ddaf:0x3e75cf2ccc2b6cdb!8m2!3d34.0013985!4d-117.7299151"
Goawaytats tattoo removal,http://goawaytats.com/,"Goawaytats provides professional laser tattoo removal, focusing on safe and effective treatments to erase unwanted ink.","{""From the business"": {""Identifies as women-owned"": true}, ""Accessibility"": {""Wheelchair accessible entrance"": true, ""Wheelchair accessible parking lot"": true, ""Wheelchair accessible restroom"": true}, ""Amenities"": {""Restroom"": true}, ""Planning"": {""Appointment required"": true, ""Appointments recommended"": true}, ""Other"": {""Identifies as women-owned"": true}}",OPERATIONAL,+1 760-954-0976,"12740 Hesperia Rd, Victorville, CA 92395",12740 Hesperia Rd,Victorville,California,$200 - $700,92395,34.482621,-117.291295,,https://lh5.googleusercontent.com/p/AF1QipPONFN9yV7s 4wmuBvvKTBpiriGecQhK72E9u0iw=w800-h500-k-no,https://lh5.googleusercontent.com/p/AF1QipPONFN9yV7s4wmuBvvKTBpiriGecQhK72E9u0iw=w1600-h1000-k-no,"{""Monday"": ""9AM-8PM"", ""Tuesday"": ""9AM-8PM"", ""Wednesday"": ""9AM-8PM"", ""Thursday"": ""9AM-8PM"", ""Friday"": ""9AM-8PM"", ""Saturday"": ""8AM-6PM"", ""Sunday"": ""Closed""}",https://lh6.googleusercontent.com/-u_WWU5I9LJI/AAAAAAAAAAI/AAAAAAAAAAA/lFm_xCtv-jQ/s44-p-k-no-ns-nd/photo.jpg,,,17,"https://www.google.com/maps/place/Goawaytats+tattoo+removal/@34.482621,-117.29129499999999,14z/data=!4m8!1m2!2m1!1sGoawaytats+tattoo+removal!3m4!1s0x80c366ea77817a69:0xebbc48cd21de4e16!8m2!3d34.482621!4d-117.29129499999999"
Tattoo Removal Inc,http://tattooremovalinc.com/,"Tattoo Removal Inc specializes in advanced laser tattoo removal, offering tailored solutions for clients seeking clear skin.","{""From the business"": {""Identifies as disabled-owned"": true, ""Identifies as Latino-owned"": true, ""Identifies as veteran-owned"": true}, ""Service options"": {""Language assistance"": ""English, Spanish""}, ""Accessibility"": {""Wheelchair accessible entrance"": true, ""Wheelchair accessible parking lot"": true, ""Wheelchair accessible restroom"": true, ""Wheelchair accessible seating"": true}, ""Amenities"": {""Gender-neutral restroom"": true, ""Restroom"": true}, ""Crowd"": {""LGBTQ+ friendly"": true}, ""Planning"": {""Appointment required"": true, ""Appointments recommended"": true}, ""Parking"": {""Free parking lot"": true, ""On-site parking"": true}, ""Other"": {""LGBTQ+ friendly"": true, ""Identifies as veteran-owned"": true, ""Identifies as Latino-owned"": true, ""Identifies as disabled-owned"": true}}",OPERATIONAL,+1 562-861-9400,"5580 Imperial Hwy., South Gate, CA 90280",5580 Imperial Hwy.,South Gate,California,$200 - $700,90280,33.9299437,-118.1729991,,https://lh5.googleusercontent.com/p/AF1QipPS2A826UJwx61SzDg0LpaSVOEI_LpqEJVZLJ1L=w800-h500-k-no,https://lh5.googleusercontent.com/p/AF1QipPS2A826UJwx61SzDg0LpaSVOEI_LpqEJVZLJ1L=w1600-h1000-k-no,"{""Monday"": ""8AM-4PM"", ""Tuesday"": ""8AM-4PM"", ""Wednesday"": ""8AM-4PM"", ""Thursday"": ""8AM-4PM"", ""Friday"": ""8AM-2PM"", ""Saturday"": ""Closed"", ""Sunday"": ""Closed""}",https://lh3.googleusercontent.com/-BxEr1Y0Sqh0/AAAAAAAAAAI/AAAAAAAAAAA/VTkOUCWWd94/s44-p-k-no-ns-nd/photo.jpg,,https://tattooremovalinc.coconutcalendar.com/#location,157,"https://www.google.com/maps/place/Tattoo+Removal+Inc/@33.929943699999995,-118.1729991,14z/data=!4m8!1m2!2m1!1sTattoo+Removal+Inc!3m4!1s0x80c2cc5af2179d8d:0x1b6c480567e48db2!8m2!3d33.929943699999995!4d-118.1729991"
Removery Tattoo Removal & Fading,https://removery.com/tattoo-removal/locations/ca/orange-county/brea/?rsi=3ecff237-8ef6-40d4-91f5-eb78b0566942,"Removery is the world’s leading tattoo removal company, specializing in safe, expert laser treatments to remove or fade unwanted ink.","{""Service options"": {""Language assistance"": ""English, Spanish""}, ""Accessibility"": {""Wheelchair accessible entrance"": true, ""Wheelchair accessible parking lot"": true, ""Wheelchair accessible restroom"": true, ""Wheelchair accessible seating"": true}, ""Amenities"": {""Gender-neutral restroom"": true, ""Restroom"": true, ""Restaurant"": false}, ""Crowd"": {""LGBTQ+ friendly"": true, ""Transgender safespace"": true}, ""Planning"": {""Appointments recommended"": true}, ""Other"": {""LGBTQ+ friendly"": true}}",OPERATIONAL,+1 714-278-4976,"403 W Imperial Hwy Suite H, Brea, CA 92821",403 W Imperial Hwy Suite H,Brea,California,$200 - $700,92821,33.9179265,-117.9042576,https://lh5.googleusercontent.com/p/AF1QipOVQXQZ_JByUNYqdNYrosrLcLMfEnGAm7YuNd46=w800-h500-k-no ,https://lh5.googleusercontent.com/p/AF1QipOVQXQZ_JByUNYqdNYrosrLcLMfEnGAm7YuNd46=w800-h500-k-no ,https://lh5.googleusercontent.com/p/AF1QipOVQXQZ_JByUNYqdNYrosrLcLMfEnGAm7YuNd46=w1600-h1000-k-no,"{""Monday"": ""Closed"", ""Tuesday"": ""10AM-6PM"", ""Wednesday"": ""10AM-6PM"", ""Thursday"": ""10AM-6PM"", ""Friday"": ""10AM-6PM"", ""Saturday"": ""9:30AM-1:45PM"", ""Sunday"": ""Closed""}",https://lh5.googleusercontent.com/-N8ejmeAFDHg/AAAAAAAAAAI/AAAAAAAAAAA/_PNJlDSnhdU/s44-p-k-no-ns-nd/photo.jpg,,https://removery.com/online-booking/?rsi=2d7320e2-ffad-4475-aa39-1b9681252a12,236,"https://www.google.com/maps/place/Removery+Tattoo+Removal+%26+Fading/@33.9179265,-117.9042576,14z/data=!4m8!1m2!2m1!1sRemovery+Tattoo+Removal+%26+Fading!3m4!1s0x80dcd59f499de6fb:0x888428c4982effb2!8m2!3d33.9179265!4d-117.9042576"
Erase & Embrace Tattoo Removal,http://www.eraseandembrace.com/,Erase & Embrace offers laser tattoo removal with a mission to help clients confidently move forward by removing unwanted tattoos.,"{""From the business"": {""Identifies as Asian-owned"": true, ""Identifies as Latino-owned"": true, ""Identifies as women-owned"": true}, ""Accessibility"": {""Wheelchair accessible entrance"": true, ""Wheelchair accessible parking lot"": true}, ""Amenities"": {""Restroom"": true}, ""Planning"": {""Appointments recommended"": true}, ""Other"": {""Identifies as women-owned"": true, ""Identifies as Latino-owned"": true, ""Identifies as Asian-owned"": true}}",OPERATIONAL,+1 951-540-6524,"40820 Winchester Rd 2505 Ste 9, Temecula, CA 92591",40820 Winchester Rd 2505 Ste 9,Temecula,California,$200 - $700,92591,33.5260024,-117.1536556,,https://lh5.googleusercontent.com/p/AF1QipNjQmVmiWYmfGNYGd355OeWdSFgF7P_RsDnR3ux=w800-h500-k-no ,https://lh5.googleusercontent.com/p/AF1QipNjQmVmiWYmfGNYGd355OeWdSFgF7P_RsDnR3ux=w1600-h1000-k-no,"{""Monday"": ""Closed"", ""Tuesday"": ""Closed"", ""Wednesday"": ""8AM-6PM"", ""Thursday"": ""8AM-6PM"", ""Friday"": ""8AM-6PM"", ""Saturday"": ""8AM-12PM"", ""Sunday"": ""Closed""}",https://lh5.googleusercontent.com/-QtDGrxaukqM/AAAAAAAAAAI/AAAAAAAAAAA/S94nVwlcUoQ/s44-p-k-no-ns-nd/photo.jpg,,https://www.vagaro.com//Users/BusinessWidget.aspx?enc=MMLjhIwJMcwFQhXLL7ifVPKnCrdD/lhhd5vfGRWZknhQr6mzkyzPQTZqEgQjDzI/2rumtTI9ISMX/kH2z+Qd59xer33ohV7rSAjJnjAMCTRaNsogGlqZVJBJEdSF+fk6EsOy2FdQhUAmc8YTT8Mx5DLPlVX8P6Qe1hVMHIteDynJ9oBw9r4p0mz5QZRGS3Itsoi0TsjYvp8c+5+BKTYOWCcRyZwPy/AxmnE9a2DILFvlvL/2ZPG/pMRhjV7kdKeBoJrTP/x6/aebNq6mYVmP/TKpPvUPlE56NaMkH2kDvI5EMCzU5fFCo8OmeNSPPJUAR+8ge65lOH997sA5OaIxwamaUQfB/HWOgI57A8Su1YQgurHaAKSUdaBf0KJPSxQz9qJ0yBRTsIKEET8/4yDVGsWYv5mvdhdPg9Ul4/1lBquMOxcv97Y9a9Y2Q2x3Td83mqXiGKgNICadG+545rcg30TVzJQEUbtKg38TwuKH83s=,40,"https://www.google.com/maps/place/Erase+%26+Embrace+Tattoo+Removal/@33.526002399999996,-117.1536556,14z/data=!4m8!1m2!2m1!1sErase+%26+Embrace+Tattoo+Removal!3m4!1s0xa18e61931bd35b43:0xf47f3fcc4a369ba2!8m2!3d33.526002399999996!4d-117.1536556"
TakeTatt Tattoo Removal,https://taketatt.com/,"TakeTatt provides expert laser tattoo removal services, committed to delivering safe and effective results for all clients.","{""Accessibility"": {""Wheelchair accessible entrance"": true, ""Wheelchair accessible parking lot"": true, ""Wheelchair accessible restroom"": true}, ""Amenities"": {""Restroom"": true}, ""Planning"": {""Appointments recommended"": true}}",OPERATIONAL,+1 234-430-4048,"5555 Youngstown Warren Rd, Niles, OH 44446",5555 Youngstown Warren Rd,Niles,Ohio,$175 - $550,44446,41.2141853,-80.7477457,https://lh5.googleusercontent.com/p/AF1QipMo8376_zgKJ5aiSy9HnzlrCjyat8x4eXiC_AyV=w800-h500-k-no ,https://lh5.googleusercontent.com/p/AF1QipMo8376_zgKJ5aiSy9HnzlrCjyat8x4eXiC_AyV=w800-h500-k-no ,https://lh5.googleusercontent.com/p/AF1QipMo8376_zgKJ5aiSy9HnzlrCjyat8x4eXiC_AyV=w1600-h1000-k-no,"{""Monday"": ""10AM-7PM"", ""Tuesday"": ""10AM-7PM"", ""Wednesday"": ""10AM-7PM"", ""Thursday"": ""10AM-7PM"", ""Friday"": ""10AM-7PM"", ""Saturday"": ""10AM-7PM"", ""Sunday"": ""10AM-7PM""}",https://lh3.googleusercontent.com/-VLlPu_Wp7H0/AAAAAAAAAAI/AAAAAAAAAAA/SHlaMDuyzJo/s44-p-k-no-ns-nd/photo.jpg,,,11,"https://www.google.com/maps/place/TakeTatt+Tattoo+Removal/@41.2141853,-80.7477457,14z/data=!4m8!1m2!2m1!1sTakeTatt+Tattoo+Removal!3m4!1s0x8833e181d0574d11:0x143d9d5577ec294d!8m2!3d41.2141853!4d-80.7477457"
TakeTatt Tattoo Removal,https://taketatt.com/,"TakeTatt provides expert laser tattoo removal services, committed to delivering safe and effective results for all clients.","{""Accessibility"": {""Wheelchair accessible entrance"": true, ""Wheelchair accessible parking lot"": true, ""Wheelchair accessible restroom"": true}, ""Amenities"": {""Restroom"": true}, ""Planning"": {""Appointments recommended"": true}}",OPERATIONAL,+1 740-659-6603,"771 S 30th St, Heath, OH 43056",771 S 30th St,Heath,Ohio,$175 - $550,43056,40.0311992,-82.4471786,https://lh5.googleusercontent.com/p/AF1QipNKTE7zPjxRr28rHoa_lMMu5jXiesrVNWgGJKtw=w800-h500-k-no,https://lh5.googleusercontent.com/p/AF1QipNKTE7zPjxRr28rHoa_lMMu5jXiesrVNWgGJKtw=w800-h500-k-no ,https://lh5.googleusercontent.com/p/AF1QipNKTE7zPjxRr28rHoa_lMMu5jXiesrVNWgGJKtw=w1600-h1000-k-no,"{""Monday"": ""10AM-7PM"", ""Tuesday"": ""10AM-7PM"", ""Wednesday"": ""10AM-7PM"", ""Thursday"": ""10AM-7PM"", ""Friday"": ""10AM-7PM"", ""Saturday"": ""10AM-7PM"", ""Sunday"": ""10AM-7PM""}",https://lh4.googleusercontent.com/-ZqMvhUPahYA/AAAAAAAAAAI/AAAAAAAAAAA/fZ5mdUUFDJQ/s44-p-k-no-ns-nd/photo.jpg,,,11,"https://www.google.com/maps/place/TakeTatt+Tattoo+Removal/@40.031199199999996,-82.4471786,14z/data=!4m8!1m2!2m1!1sTakeTatt+Tattoo+Removal!3m4!1s0x88381701c4ab21bf:0x4c81c488293886fd!8m2!3d40.031199199999996!4d-82.4471786"
TakeTatt Tattoo Removal,https://taketatt.com/,"TakeTatt provides expert laser tattoo removal services, committed to delivering safe and effective results for all clients.","{""Accessibility"": {""Wheelchair accessible parking lot"": true, ""Wheelchair accessible restroom"": true}, ""Amenities"": {""Restroom"": true}, ""Planning"": {""Appointments recommended"": true}}",OPERATIONAL,+1 234-666-4355,"4230 Belden Village St NW, Canton, OH 44718",4230 Belden Village St NW,Canton,Ohio,$175 - $550,44718,40.8553966,-81.4257338,https://lh5.googleusercontent.com/p/AF1QipNInAzrbxh68SYdHwEI1PvwMO4Sfpg0BLVht0Xa=w800-h500-k-no,https://lh5.googleusercontent.com/p/AF1QipNInAzrbxh68SYdHwEI1PvwMO4Sfpg0BLVht0Xa=w800-h500-k-no ,https://lh5.googleusercontent.com/p/AF1QipNInAzrbxh68SYdHwEI1PvwMO4Sfpg0BLVht0Xa=w1600-h1000-k-no,"{""Monday"": ""10AM-7PM"", ""Tuesday"": ""10AM-7PM"", ""Wednesday"": ""10AM-7PM"", ""Thursday"": ""10AM-7PM"", ""Friday"": ""10AM-7PM"", ""Saturday"": ""10AM-7PM"", ""Sunday"": ""10AM-7PM""}",https://lh4.googleusercontent.com/-7RobHZImD1w/AAAAAAAAAAI/AAAAAAAAAAA/1OC2mK4s7s8/s44-p-k-no-ns-nd/photo.jpg,,https://taketatt.com/book,29,"https://www.google.com/maps/place/TakeTatt+Tattoo+Removal/@40.8553966,-81.4257338,14z/data=!4m8!1m2!2m1!1sTakeTatt+Tattoo+Removal!3m4!1s0x8836d1578fceb0d3:0xab2c4a73abd5c8a8!8m2!3d40.8553966!4d-81.4257338"
TakeTatt Tattoo Removal,http://taketatt.com/,"TakeTatt provides expert laser tattoo removal services, committed to delivering safe and effective results for all clients.","{""Accessibility"": {""Wheelchair accessible entrance"": true, ""Wheelchair accessible parking lot"": true, ""Wheelchair accessible restroom"": true}, ""Amenities"": {""Restroom"": true}, ""Planning"": {""Appointments recommended"": true}}",OPERATIONAL,+1 440-799-6296,"500 Southpark Center, Strongsville, OH 44136",500 Southpark Center,Strongsville,Ohio,$175 - $550,44136,41.3077169,-81.8167734,https://lh5.googleusercontent.com/p/AF1QipOix2L4sgefje02VF3u6XkY4Xj_zZ_SJpBvY-1g=w800-h500-k-no,https://lh5.googleusercontent.com/p/AF1QipOix2L4sgefje02VF3u6XkY4Xj_zZ_SJpBvY-1g=w800-h500-k-no,https://lh5.googleusercontent.com/p/AF1QipOix2L4sgefje02VF3u6XkY4Xj_zZ_SJpBvY-1g=w1600-h1000-k-no,"{""Monday"": ""10AM-7PM"", ""Tuesday"": ""10AM-7PM"", ""Wednesday"": ""10AM-7PM"", ""Thursday"": ""10AM-7PM"", ""Friday"": ""10AM-7PM"", ""Saturday"": ""10AM-5PM"", ""Sunday"": ""10AM-5PM""}",https://lh5.googleusercontent.com/-d4k9UPTlBGs/AAAAAAAAAAI/AAAAAAAAAAA/D33xd7lKYRI/s44-p-k-no-ns-nd/photo.jpg,,,12,"https://www.google.com/maps/place/TakeTatt+Tattoo+Removal/@41.307716899999996,-81.8167734,14z/data=!4m8!1m2!2m1!1sTakeTatt+Tattoo+Removal!3m4!1s0x8830c1c481484e6f:0x3e261263d2d493a3!8m2!3d41.307716899999996!4d-81.8167734"
PGH Tattoo Removal & Aesthetics,https://pghtattooremoval.com/,PGH Tattoo Removal & Aesthetics offers advanced laser tattoo removal alongside aesthetic treatments for a complete skin care experience.,"{""Accessibility"": {""Wheelchair accessible entrance"": true, ""Wheelchair accessible parking lot"": true, ""Wheelchair accessible seating"": false}, ""Amenities"": {""Restroom"": true}, ""Planning"": {""Appointment required"": true, ""Appointments recommended"": true}}",OPERATIONAL,+1 724-566-3036,"3350 Millers Run Rd Suite 201, Cecil, PA 15321",3350 Millers Run Rd Suite 201,Cecil,Pennsylvania,$175 - $600,15321,40.3223472,-80.1992097,NO,https://lh5.googleusercontent.com/p/AF1QipOHkBglEmetW1BjdBcTmz6fzm3VdzBNBNTpXOka=w800-h500-k-no ,https://lh5.googleusercontent.com/p/AF1QipOHkBglEmetW1BjdBcTmz6fzm3VdzBNBNTpXOka=w1600-h1000-k-no,"{""Monday"": ""9AM-8PM"", ""Tuesday"": ""9AM-8PM"", ""Wednesday"": ""9AM-8PM"", ""Thursday"": ""9AM-8PM"", ""Friday"": ""9AM-8PM"", ""Saturday"": ""9AM-8PM"", ""Sunday"": ""9AM-8PM""}",https://lh4.googleusercontent.com/-bf6s6NgYqew/AAAAAAAAAAI/AAAAAAAAAAA/xh64aYbnFL0/s44-p-k-no-ns-nd/photo.jpg,,pghtattooremoval.com/booking/,12,"https://www.google.com/maps/place/PGH+Tattoo+Removal+%26+Aesthetics/@40.322347199999996,-80.1992097,14z/data=!4m8!1m2!2m1!1sPGH+Tattoo+Removal+%26+Aesthetics!3m4!1s0x883451c3de3edfbd:0xc4e6e04df0cab1d7!8m2!3d40.322347199999996!4d-80.1992097"
TakeTatt Tattoo Removal,https://taketatt.com/,"TakeTatt provides expert laser tattoo removal services, committed to delivering safe and effective results for all clients.","{""Accessibility"": {""Wheelchair accessible entrance"": true, ""Wheelchair accessible parking lot"": true, ""Wheelchair accessible restroom"": true}, ""Amenities"": {""Restroom"": true}, ""Planning"": {""Appointments recommended"": true}}",OPERATIONAL,+1 440-578-7858,"7850 Mentor Ave, Mentor, OH 44060",7850 Mentor Ave,Mentor,Ohio,$175 - $550,44060,41.6568999,-81.3590783,https://lh5.googleusercontent.com/p/AF1QipMJFFGcU49L6yTgdd3gaRJGGZYcnGedrVYvOq7q=w800-h500-k-no,https://lh5.googleusercontent.com/p/AF1QipMJFFGcU49L6yTgdd3gaRJGGZYcnGedrVYvOq7q=w800-h500-k-no ,https://lh5.googleusercontent.com/p/AF1QipMJFFGcU49L6yTgdd3gaRJGGZYcnGedrVYvOq7q=w1600-h1000-k-no,"{""Monday"": ""10AM-7PM"", ""Tuesday"": ""10AM-7PM"", ""Wednesday"": ""10AM-7PM"", ""Thursday"": ""10AM-7PM"", ""Friday"": ""10AM-7PM"", ""Saturday"": ""10AM-7PM"", ""Sunday"": ""10AM-7PM""}",https://lh4.googleusercontent.com/-A5kqJVwTpEE/AAAAAAAAAAI/AAAAAAAAAAA/EMqABK43z9o/s44-p-k-no-ns-nd/photo.jpg,,,12,"https://www.google.com/maps/place/TakeTatt+Tattoo+Removal/@41.6568999,-81.3590783,14z/data=!4m8!1m2!2m1!1sTakeTatt+Tattoo+Removal!3m4!1s0x8831a962beb11623:0x94efd9b6957b4bfb!8m2!3d41.6568999!4d-81.3590783"
Removery Tattoo Removal & Fading,https://removery.com/tattoo-removal/locations/ohio/cleveland/mayfield-heights/,"Removery is the world’s leading tattoo removal company, specializing in safe, expert laser treatments to remove or fade unwanted ink.","{""Accessibility"": {""Wheelchair accessible parking lot"": true}, ""Amenities"": {""Restroom"": true}, ""Planning"": {""Appointments recommended"": true}}",OPERATIONAL,+1 866-828-4059,"1513 Golden Gate Plz, Mayfield Heights, OH 44124",1513 Golden Gate Plz,Mayfield Heights,Ohio,$175 - $550,44124,41.5192662,-81.4487131,,https://lh5.googleusercontent.com/p/AF1QipPe2UZXqcXVEr7dLjFThiZauDgumv8UgGFCT_te=w800-h500-k-no ,https://lh5.googleusercontent.com/p/AF1QipPe2UZXqcXVEr7dLjFThiZauDgumv8UgGFCT_te=w1600-h1000-k-no,"{""Monday"": ""Closed"", ""Tuesday"": ""9AM-6PM"", ""Wednesday"": ""9AM-5PM"", ""Thursday"": ""10AM-7PM"", ""Friday"": ""9AM-6PM"", ""Saturday"": ""9AM-3PM"", ""Sunday"": ""Closed""}",https://lh3.googleusercontent.com/-VGD5JGMGHno/AAAAAAAAAAI/AAAAAAAAAAA/xla9ilOvXKE/s44-p-k-no-ns-nd/photo.jpg,,,34,"https://www.google.com/maps/place/Removery+Tattoo+Removal+%26+Fading/@41.5192662,-81.44871309999999,14z/data=!4m8!1m2!2m1!1sRemovery+Tattoo+Removal+%26+Fading!3m4!1s0x883103ca74cfbaf3:0xee8832178097c54a!8m2!3d41.5192662!4d-81.44871309999999"
TakeTatt Tattoo Removal,http://taketatt.com/,"TakeTatt provides expert laser tattoo removal services, committed to delivering safe and effective results for all clients.","{""Accessibility"": {""Wheelchair accessible entrance"": true, ""Wheelchair accessible parking lot"": true, ""Wheelchair accessible restroom"": true}, ""Amenities"": {""Restroom"": true}, ""Planning"": {""Appointments recommended"": true}}",OPERATIONAL,+1 216-208-5548,"5231 Detroit Rd, Sheffield, OH 44054",5231 Detroit Rd,Sheffield,Ohio,$175 - $550,44054,41.4269658,-82.0782714,https://lh5.googleusercontent.com/p/AF1QipO2okGm9yr4UC1yb2KEVnbmgmEpAk_0iN9MaYZX=w800-h500-k-no,https://lh5.googleusercontent.com/p/AF1QipO2okGm9yr4UC1yb2KEVnbmgmEpAk_0iN9MaYZX=w800-h500-k-no,https://lh5.googleusercontent.com/p/AF1QipO2okGm9yr4UC1yb2KEVnbmgmEpAk_0iN9MaYZX=w1600-h1000-k-no,"{""Monday"": ""9AM-5PM"", ""Tuesday"": ""9AM-5PM"", ""Wednesday"": ""9AM-5PM"", ""Thursday"": ""9AM-5PM"", ""Friday"": ""9AM-5PM"", ""Saturday"": ""Closed"", ""Sunday"": ""Closed""}",https://lh6.googleusercontent.com/-QOTJRJsyHlY/AAAAAAAAAAI/AAAAAAAAAAA/128v9C2K_U8/s44-p-k-no-ns-nd/photo.jpg,,,13,"https://www.google.com/maps/place/TakeTatt+Tattoo+Removal/@41.4269658,-82.07827139999999,14z/data=!4m8!1m2!2m1!1sTakeTatt+Tattoo+Removal!3m4!1s0x88309beb41cb7201:0x50dfaf89def958b3!8m2!3d41.4269658!4d-82.07827139999999"
Removery Tattoo Removal & Fading,https://removery.com/tattoo-removal/locations/va/richmond/short-pump/?rsi=3ecff237-8ef6-40d4-91f5-eb78b0566942,"Removery is the world’s leading tattoo removal company, specializing in safe, expert laser treatments to remove or fade unwanted ink.","{""Service options"": {""Language assistance"": ""English, Spanish""}, ""Accessibility"": {""Wheelchair accessible entrance"": true, ""Wheelchair accessible parking lot"": true, ""Wheelchair accessible restroom"": true, ""Wheelchair accessible seating"": true}, ""Amenities"": {""Gender-neutral restroom"": true, ""Restroom"": true, ""Restaurant"": false}, ""Crowd"": {""LGBTQ+ friendly"": true, ""Transgender safespace"": true}, ""Planning"": {""Appointments recommended"": true}, ""Other"": {""LGBTQ+ friendly"": true}}",OPERATIONAL,+1 804-636-3120,"11655 W Broad St, Ridge, VA 23233",11655 W Broad St,Ridge,Virginia,$175 - $550,23233,37.6520843,-77.618551,,https://lh5.googleusercontent.com/p/AF1QipN2g0kPmNE5GOi3JsqoJ4OePSQNTDYCuiLLlK4Z=w800-h500-k-no ,https://streetviewpixels-pa.googleapis.com/v1/thumbnail?panoid=W7WE_-IHUUqfvJctHR_KaQ&cb_client=search.gws-prod.gps&w=1600&h=1000&yaw=192.25932&pitch=0&thumbfov=100,"{""Monday"": ""Closed"", ""Tuesday"": ""9:30AM-5:30PM"", ""Wednesday"": ""9:30AM-5:30PM"", ""Thursday"": ""9:30AM-5:30PM"", ""Friday"": ""9:30AM-5:30PM"", ""Saturday"": ""9AM-3PM"", ""Sunday"": ""Closed""}",https://lh6.googleusercontent.com/-QV6MtD3uC9A/AAAAAAAAAAI/AAAAAAAAAAA/dBlDE-ejRBQ/s44-p-k-no-ns-nd/photo.jpg,,https://removery.com/online-booking/?rsi=2d7320e2-ffad-4475-aa39-1b9681252a12,389,"https://www.google.com/maps/place/Removery+Tattoo+Removal+%26+Fading/@37.6520843,-77.618551,14z/data=!4m8!1m2!2m1!1sRemovery+Tattoo+Removal+%26+Fading!3m4!1s0x89b16a62b522cdbf:0xdbd35db8535fff0f!8m2!3d37.6520843!4d-77.618551"
Removery Tattoo Removal & Fading,https://removery.com/tattoo-removal/locations/pa/pittsburgh/lawrenceville/?rsi=3ecff237-8ef6-40d4-91f5-eb78b0566942,"Removery is the world’s leading tattoo removal company, specializing in safe, expert laser treatments to remove or fade unwanted ink.","{""Service options"": {""Onsite services"": true, ""Language assistance"": ""English, Spanish""}, ""Accessibility"": {""Wheelchair accessible entrance"": true, ""Wheelchair accessible parking lot"": true, ""Wheelchair accessible restroom"": true, ""Wheelchair accessible seating"": true}, ""Amenities"": {""Gender-neutral restroom"": true, ""Restroom"": true, ""Restaurant"": false}, ""Crowd"": {""LGBTQ+ friendly"": true, ""Transgender safespace"": true}, ""Planning"": {""Appointments recommended"": true}, ""Other"": {""LGBTQ+ friendly"": true}}",OPERATIONAL,+1 412-274-8270,"3603 Butler St, Pittsburgh, PA 15201",3603 Butler St,Pittsburgh,Pennsylvania,$175 - $600,15201,40.4655902,-79.9653227,https://lh5.googleusercontent.com/p/AF1QipPa41xh2J1BmtsdvdnX9JBeB2s0ct1sfCjD4oRj=w800-h500-k-no ,https://lh5.googleusercontent.com/p/AF1QipPa41xh2J1BmtsdvdnX9JBeB2s0ct1sfCjD4oRj=w800-h500-k-no ,https://lh5.googleusercontent.com/p/AF1QipPa41xh2J1BmtsdvdnX9JBeB2s0ct1sfCjD4oRj=w1600-h1000-k-no,"{""Monday"": ""Closed"", ""Tuesday"": ""9AM-5PM"", ""Wednesday"": ""10AM-7PM"", ""Thursday"": ""9AM-5PM"", ""Friday"": ""10AM-7PM"", ""Saturday"": ""9AM-3PM"", ""Sunday"": ""Closed""}",https://lh3.googleusercontent.com/-yJheg7hZHtk/AAAAAAAAAAI/AAAAAAAAAAA/pO5KqhKBtHA/s44-p-k-no-ns-nd/photo.jpg,,https://removery.com/online-booking/?rsi=2d7320e2-ffad-4475-aa39-1b9681252a12,628,"https://www.google.com/maps/place/Removery+Tattoo+Removal+%26+Fading/@40.4655902,-79.9653227,14z/data=!4m8!1m2!2m1!1sRemovery+Tattoo+Removal+%26+Fading!3m4!1s0x8834f3b4bc24708b:0x26572fdc737d76ff!8m2!3d40.4655902!4d-79.9653227"
Lavish Brows Microblading & Laser Free Tattoo Removal,http://lavishbrowswooster.com/?utm_source=google,"Lavish Brows combines microblading expertise with laser-free tattoo removal, offering innovative solutions for beauty and ink removal.","{""From the business"": {""Identifies as women-owned"": true}, ""Service options"": {""Onsite services"": true}, ""Accessibility"": {""Wheelchair accessible entrance"": true, ""Wheelchair accessible parking lot"": true, ""Wheelchair accessible restroom"": true, ""Wheelchair accessible seating"": true}, ""Amenities"": {""Gender-neutral restroom"": true}, ""Crowd"": {""LGBTQ+ friendly"": true, ""Transgender safespace"": true}, ""Other"": {""LGBTQ+ friendly"": true, ""Identifies as women-owned"": true}}",OPERATIONAL,+1 330-465-5356,"3727 Friendsville Rd # 2, Wooster, OH 44691",3727 Friendsville Rd # 2,Wooster,Ohio,$175 - $550,44691,40.8447611,-81.939215,https://lh5.googleusercontent.com/p/AF1QipOUhrT1Z2mcUqZUdVp6k2onqe-IiW_caaLbWP1E=w800-h500-k-no ,https://lh5.googleusercontent.com/p/AF1QipOUhrT1Z2mcUqZUdVp6k2onqe-IiW_caaLbWP1E=w800-h500-k-no ,https://lh5.googleusercontent.com/p/AF1QipOUhrT1Z2mcUqZUdVp6k2onqe-IiW_caaLbWP1E=w1600-h1000-k-no,"{""Monday"": ""10AM-7PM"", ""Tuesday"": ""10AM-7PM"", ""Wednesday"": ""10AM-7PM"", ""Thursday"": ""10AM-7PM"", ""Friday"": ""10AM-7PM"", ""Saturday"": ""10AM-7PM"", ""Sunday"": ""Closed""}",https://lh4.googleusercontent.com/-JShqyaC747g/AAAAAAAAAAI/AAAAAAAAAAA/PzK3lblDcU4/s44-p-k-no-ns-nd/photo.jpg,,https://www.lavishbrowswooster.com/book-online?utm_source=google&utm_medium=book_button&utm_campaign=service_list&hl=en-US&gei=4GbQZ77WD7iMxc8PjeTu6QM&rwg_token=AAiGsobBdjWfJMPgihkmZmKo_Atf_QbNEkxNVflqecp_0fUw3mbJCeE6dZnG2Geuiqljrub5i2V5GhgyCSMZTee1R4hVCRXUFw%3D%3D,64,"https://www.google.com/maps/place/Lavish+Brows+Microblading+%26+Laser+Free+Tattoo+Removal/@40.8447611,-81.93921499999999,14z/data=!4m8!1m2!2m1!1sLavish+Brows+Microblading+%26+Laser+Free+Tattoo+Removal!3m4!1s0x883748a448645111:0x30cc40caa1aa666b!8m2!3d40.8447611!4d-81.93921499999999"
Removery Tattoo Removal & Fading,https://removery.com/tattoo-removal/locations/pa/pittsburgh/robinson/?rsi=3ecff237-8ef6-40d4-91f5-eb78b0566942,"Removery is the world’s leading tattoo removal company, specializing in safe, expert laser treatments to remove or fade unwanted ink.","{""Service options"": {""Language assistance"": ""English, Spanish""}, ""Accessibility"": {""Wheelchair accessible entrance"": true, ""Wheelchair accessible parking lot"": true, ""Wheelchair accessible restroom"": true, ""Wheelchair accessible seating"": true}, ""Amenities"": {""Gender-neutral restroom"": true, ""Restroom"": true, ""Restaurant"": false}, ""Crowd"": {""LGBTQ+ friendly"": true, ""Transgender safespace"": true}, ""Planning"": {""Appointments recommended"": true}, ""Other"": {""LGBTQ+ friendly"": true}}",OPERATIONAL,+1 412-274-8270,"1130 Park Manor Blvd, Pittsburgh, PA 15205",1130 Park Manor Blvd,Pittsburgh,Pennsylvania,$175 - $600,15205,40.4533928,-80.1624708,https://lh5.googleusercontent.com/p/AF1QipO2JVAfK9yrGGGFA6bxXghuIbVDvuGxGz0STiY-=w800-h500-k-no,https://lh5.googleusercontent.com/p/AF1QipO2JVAfK9yrGGGFA6bxXghuIbVDvuGxGz0STiY-=w800-h500-k-no ,https://lh5.googleusercontent.com/p/AF1QipO2JVAfK9yrGGGFA6bxXghuIbVDvuGxGz0STiY-=w1600-h1000-k-no,"{""Monday"": ""Closed"", ""Tuesday"": ""9:30AM-6PM"", ""Wednesday"": ""9:30AM-5:30PM"", ""Thursday"": ""8:30AM-5PM"", ""Friday"": ""9:30AM-5:30PM"", ""Saturday"": ""9AM-1PM"", ""Sunday"": ""Closed""}",https://lh5.googleusercontent.com/-kS5LoYqcC7s/AAAAAAAAAAI/AAAAAAAAAAA/4Y7nF3Yq8iA/s44-p-k-no-ns-nd/photo.jpg,,https://removery.com/online-booking/?rsi=2d7320e2-ffad-4475-aa39-1b9681252a12,311,"https://www.google.com/maps/place/Removery+Tattoo+Removal+%26+Fading/@40.453392799999996,-80.1624708,14z/data=!4m8!1m2!2m1!1sRemovery+Tattoo+Removal+%26+Fading!3m4!1s0x883459361869fd1d:0x76bc1c46ece4cb7f!8m2!3d40.453392799999996!4d-80.1624708"
TakeTatt Tattoo Removal,https://www.taketatt.com/locations/ohio-columbus,"TakeTatt provides expert laser tattoo removal services, committed to delivering safe and effective results for all clients.","{""Accessibility"": {""Wheelchair accessible entrance"": true, ""Wheelchair accessible parking lot"": true, ""Wheelchair accessible restroom"": true}, ""Amenities"": {""Restroom"": true}, ""Planning"": {""Appointments recommended"": true}}",OPERATIONAL,+1 380-666-3646,"2125 W 5th Ave, Columbus, OH 43212",2125 W 5th Ave,Columbus,Ohio,$175 - $550,43212,39.9891891,-83.0635292,https://lh5.googleusercontent.com/p/AF1QipMFG4HJMcJM7IDRJnWyMU25D_XuDq27xaV9W8Gn=w800-h500-k-no ,https://lh5.googleusercontent.com/p/AF1QipMFG4HJMcJM7IDRJnWyMU25D_XuDq27xaV9W8Gn=w800-h500-k-no ,https://lh5.googleusercontent.com/p/AF1QipMFG4HJMcJM7IDRJnWyMU25D_XuDq27xaV9W8Gn=w1600-h1000-k-no,"{""Monday"": ""10AM-7PM"", ""Tuesday"": ""10AM-7PM"", ""Wednesday"": ""10AM-7PM"", ""Thursday"": ""10AM-7PM"", ""Friday"": ""10AM-7PM"", ""Saturday"": ""10AM-7PM"", ""Sunday"": ""10AM-7PM""}",https://lh5.googleusercontent.com/-hPuyVIXvIlE/AAAAAAAAAAI/AAAAAAAAAAA/MQp-VGmgzuM/s44-p-k-no-ns-nd/photo.jpg,,,36,"https://www.google.com/maps/place/TakeTatt+Tattoo+Removal/@39.9891891,-83.06352919999999,14z/data=!4m8!1m2!2m1!1sTakeTatt+Tattoo+Removal!3m4!1s0x88388d521cf1eb5d:0x44b98882e218fdc8!8m2!3d39.9891891!4d-83.06352919999999"
Removery Tattoo Removal & Fading,https://removery.com/tattoo-removal/locations/ky/cincinnati/bellevue/?rsi=3ecff237-8ef6-40d4-91f5-eb78b0566942,"Removery is the world’s leading tattoo removal company, specializing in safe, expert laser treatments to remove or fade unwanted ink.","{""Service options"": {""Language assistance"": ""English, Spanish""}, ""Accessibility"": {""Wheelchair accessible entrance"": true, ""Wheelchair accessible restroom"": true, ""Wheelchair accessible seating"": true}, ""Amenities"": {""Gender-neutral restroom"": true, ""Restroom"": true, ""Restaurant"": false}, ""Crowd"": {""LGBTQ+ friendly"": true, ""Transgender safespace"": true}, ""Planning"": {""Appointments recommended"": true}, ""Other"": {""LGBTQ+ friendly"": true}}",OPERATIONAL,+1 859-648-2476,"119 Fairfield Ave, Bellevue, KY 41073",119 Fairfield Ave,Bellevue,Kentucky,$150 - $400,41073,39.1035189,-84.4871272,No,https://lh5.googleusercontent.com/p/AF1QipO-n1hUTWCJirdRV9lq0VJIScV-ojUayRRqb6NU=w800-h500-k-no ,https://lh5.googleusercontent.com/p/AF1QipO-n1hUTWCJirdRV9lq0VJIScV-ojUayRRqb6NU=w1600-h1000-k-no,"{""Monday"": ""Closed"", ""Tuesday"": ""9:30AM-6PM"", ""Wednesday"": ""9:30AM-6PM"", ""Thursday"": ""9:30AM-6PM"", ""Friday"": ""9:30AM-6PM"", ""Saturday"": ""9AM-3PM"", ""Sunday"": ""Closed""}",https://lh6.googleusercontent.com/-mzcJD1HKCoE/AAAAAAAAAAI/AAAAAAAAAAA/XWccPn3uwLc/s44-p-k-no-ns-nd/photo.jpg,,https://removery.com/online-booking/?rsi=2d7320e2-ffad-4475-aa39-1b9681252a12,463,"https://www.google.com/maps/place/Removery+Tattoo+Removal+%26+Fading/@39.1035189,-84.48712719999999,14z/data=!4m8!1m2!2m1!1sRemovery+Tattoo+Removal+%26+Fading!3m4!1s0x8841b8255deee5f3:0x9341583ee8c8905c!8m2!3d39.1035189!4d-84.48712719999999"
"Tattoo Removal Ink, Inc.",http://www.tattooremovalink.org/,"Tattoo Removal Ink, Inc. specializes in professional laser tattoo removal, helping clients remove unwanted tattoos with care.","{""Accessibility"": {""Wheelchair accessible entrance"": true, ""Wheelchair accessible parking lot"": true, ""Wheelchair accessible restroom"": true}, ""Amenities"": {""Restroom"": true}, ""Planning"": {""Appointment required"": true, ""Appointments recommended"": true}}",OPERATIONAL,+1 859-817-9200,"20 W 18th St, Covington, KY 41011",20 W 18th St,Covington,Kentucky,$150 - $400,41011,39.0699333,-84.5079273,No,https://lh5.googleusercontent.com/p/AF1QipMiYSQjqcdaJPdJfRC63LeKNQuGJB49NOqIKlbK=w800-h500-k-no ,https://lh5.googleusercontent.com/p/AF1QipMiYSQjqcdaJPdJfRC63LeKNQuGJB49NOqIKlbK=w1600-h1000-k-no,"{""Monday"": ""Closed"", ""Tuesday"": ""9AM-6PM"", ""Wednesday"": ""9AM-6PM"", ""Thursday"": ""9AM-7PM"", ""Friday"": ""9AM-4PM"", ""Saturday"": ""Closed"", ""Sunday"": ""Closed""}",https://lh4.googleusercontent.com/-9Mocn0jIDSY/AAAAAAAAAAI/AAAAAAAAAAA/2lTOGWVvJEw/s44-p-k-no-ns-nd/photo.jpg,,https://www.vagaro.com/googlemap/U2FsdGVkX1-2dNrERNRj4vdEBF3uRy4VSa-s-rtE4b4=?hl=en-US&gei=-2bQZ8iWD57gkPIPnebwoQw&rwg_token=AAiGsoZB3jWL8FmG26XDfalbCfiM3GR4ZpeYAJvDs--O1M2FdVlY3zHWKAakrNSp5BEiBRiDePc9krMe9Spw42zcN-mecuDCmw%3D%3D,54,"https://www.google.com/maps/place/Tattoo+Removal+Ink%2C+Inc./@39.069933299999995,-84.50792729999999,14z/data=!4m8!1m2!2m1!1sTattoo+Removal+Ink%2C+Inc.!3m4!1s0x8841c7971c74c355:0x68b05fd399a6607!8m2!3d39.069933299999995!4d-84.50792729999999"
Removery Tattoo Removal & Fading,https://removery.com/tattoo-removal/locations/md/baltimore/bel-air/?rsi=3ecff237-8ef6-40d4-91f5-eb78b0566942,"Removery is the world’s leading tattoo removal company, specializing in safe, expert laser treatments to remove or fade unwanted ink.","{""Service options"": {""Language assistance"": ""English, Spanish""}, ""Accessibility"": {""Wheelchair accessible entrance"": true, ""Wheelchair accessible parking lot"": true, ""Wheelchair accessible restroom"": true, ""Wheelchair accessible seating"": true}, ""Amenities"": {""Gender-neutral restroom"": true, ""Restroom"": true, ""Restaurant"": false}, ""Crowd"": {""LGBTQ+ friendly"": true, ""Transgender safespace"": true}, ""Planning"": {""Appointments recommended"": true}, ""Other"": {""LGBTQ+ friendly"": true}}",OPERATIONAL,+1 410-849-6624,"632 Marketplace Dr, Bel Air, MD 21014",632 Marketplace Dr,Bel Air,Maryland,$200 - $600,21014,39.5236677,-76.3517791,No,https://lh5.googleusercontent.com/p/AF1QipNBdChKDeouKoBS_539prU9qhtDdZ18DSKDJD4x=w800-h500-k-no ,https://lh5.googleusercontent.com/p/AF1QipNBdChKDeouKoBS_539prU9qhtDdZ18DSKDJD4x=w1600-h1000-k-no,"{""Monday"": ""Closed"", ""Tuesday"": ""11AM-7PM"", ""Wednesday"": ""9:30AM-6PM"", ""Thursday"": ""9:30AM-6PM"", ""Friday"": ""9AM-5PM"", ""Saturday"": ""9AM-1PM"", ""Sunday"": ""Closed""}",https://lh4.googleusercontent.com/-igIpWldnju0/AAAAAAAAAAI/AAAAAAAAAAA/k6JxSy6mFek/s44-p-k-no-ns-nd/photo.jpg,,https://removery.com/online-booking/?rsi=2d7320e2-ffad-4475-aa39-1b9681252a12,70,"https://www.google.com/maps/place/Removery+Tattoo+Removal+%26+Fading/@39.5236677,-76.3517791,14z/data=!4m8!1m2!2m1!1sRemovery+Tattoo+Removal+%26+Fading!3m4!1s0x89c7dd1aaf5aa6f3:0x630232b6a110d865!8m2!3d39.5236677!4d-76.3517791"
Removery Tattoo Removal & Fading,https://removery.com/,"Removery is the world’s leading tattoo removal company, specializing in safe, expert laser treatments to remove or fade unwanted ink.","{""Accessibility"": {""Wheelchair accessible parking lot"": true}, ""Amenities"": {""Restroom"": true}, ""Planning"": {""Appointments recommended"": true}}",OPERATIONAL,+1 301-222-2222,"4612 Van Buren St, Riverdale, MD 20737",4612 Van Buren St,Riverdale,Maryland,$200 - $600,20737,38.9699196,-76.9356564,No,https://streetviewpixels-pa.googleapis.com/v1/thumbnail?panoid=wrnthbOTMQC1oXya_ePHRg&cb_client=search.gws-prod.gps&w=800&h=500&yaw=3.7892866&pitch=0&thumbfov=100 ,https://streetviewpixels-pa.googleapis.com/v1/thumbnail?panoid=wrnthbOTMQC1oXya_ePHRg&cb_client=search.gws-prod.gps&w=1600&h=1000&yaw=3.7892866&pitch=0&thumbfov=100,"{""Monday"": ""Closed"", ""Tuesday"": ""11AM-7PM"", ""Wednesday"": ""9:30AM-6PM"", ""Thursday"": ""9:30AM-6PM"", ""Friday"": ""9AM-5PM"", ""Saturday"": ""9AM-1PM"", ""Sunday"": ""Closed""}",https://lh5.googleusercontent.com/-xxyY1lTO4xU/AAAAAAAAAAI/AAAAAAAAAAA/Tyv_2ZpiAWw/s44-p-k-no-ns-nd/photo.jpg,,,59,"https://www.google.com/maps/place/Removery+Tattoo+Removal+%26+Fading/@38.9699196,-76.9356564,14z/data=!4m8!1m2!2m1!1sRemovery+Tattoo+Removal+%26+Fading!3m4!1s0x89b7c7be11299fe1:0xeebc2c7673d90aa3!8m2!3d38.9699196!4d-76.9356564"
Removery Tattoo Removal & Fading,https://www.removery.com/?utm_source=GoogleMyBusiness,"Removery is the world’s leading tattoo removal company, specializing in safe, expert laser treatments to remove or fade unwanted ink.","{""Accessibility"": {""Wheelchair accessible entrance"": true, ""Wheelchair accessible parking lot"": true, ""Wheelchair accessible restroom"": true}, ""Amenities"": {""Restroom"": true}, ""Planning"": {""Appointments recommended"": true}}",OPERATIONAL,+1 866-465-0090,"1 E Joppa Rd Unit 145, Towson, MD 21286",1 E Joppa Rd Unit 145,Towson,Maryland,$200 - $600,21286,39.4015618,-76.6017709,No,https://lh5.googleusercontent.com/p/AF1QipN35cgpTe507-vOUYkMvcy62PpgtbKUQYd4nGPC=w800-h500-k-no ,https://lh5.googleusercontent.com/p/AF1QipN35cgpTe507-vOUYkMvcy62PpgtbKUQYd4nGPC=w1600-h1000-k-no,"{""Monday"": ""Closed"", ""Tuesday"": ""11AM-7PM"", ""Wednesday"": ""9:30AM-6PM"", ""Thursday"": ""9:30AM-6PM"", ""Friday"": ""9AM-5PM"", ""Saturday"": ""9AM-1PM"", ""Sunday"": ""Closed""}",https://lh3.googleusercontent.com/-reXjv9ELZ6c/AAAAAAAAAAI/AAAAAAAAAAA/IDtqmwyePWQ/s44-p-k-no-ns-nd/photo.jpg,,,73,"https://www.google.com/maps/place/Removery+Tattoo+Removal+%26+Fading/@39.401561799999996,-76.60177089999999,14z/data=!4m8!1m2!2m1!1sRemovery+Tattoo+Removal+%26+Fading!3m4!1s0x89c80f66fa0df7e1:0x6add0d15f206812e!8m2!3d39.401561799999996!4d-76.60177089999999"
Removery Tattoo Removal & Fading,https://removery.com/tattoo-removal/locations/md/baltimore/canton/?rsi=3ecff237-8ef6-40d4-91f5-eb78b0566942,"Removery is the world’s leading tattoo removal company, specializing in safe, expert laser treatments to remove or fade unwanted ink.","{""Service options"": {""Language assistance"": ""English, Spanish""}, ""Accessibility"": {""Wheelchair accessible parking lot"": true, ""Wheelchair accessible restroom"": true, ""Wheelchair accessible seating"": true}, ""Amenities"": {""Gender-neutral restroom"": true, ""Restroom"": true, ""Restaurant"": false}, ""Crowd"": {""LGBTQ+ friendly"": true, ""Transgender safespace"": true}, ""Planning"": {""Appointments recommended"": true}, ""Other"": {""LGBTQ+ friendly"": true}}",OPERATIONAL,+1 410-849-6624,"2400 Boston St Suite FR102, Baltimore, MD 21224",2400 Boston St Suite FR102,Baltimore,Maryland,$200 - $600,21224,39.2817492,-76.5807795,No,https://lh5.googleusercontent.com/p/AF1QipMq5XIrVGZ3XLBAcpfhTzaYfZubilFi7N1Nl8k=w800-h500-k-no ,https://lh5.googleusercontent.com/p/AF1QipMq5XIrVGZ3XLBAcpfhTzaYfZubilFi7N1Nl8k=w1600-h1000-k-no,"{""Monday"": ""Closed"", ""Tuesday"": ""11AM-7PM"", ""Wednesday"": ""9:30AM-6PM"", ""Thursday"": ""9:30AM-6PM"", ""Friday"": ""9AM-5PM"", ""Saturday"": ""9AM-1PM"", ""Sunday"": ""Closed""}",https://lh6.googleusercontent.com/-LZvU1mqPM0o/AAAAAAAAAAI/AAAAAAAAAAA/rFl09VqhiF4/s44-p-k-no-ns-nd/photo.jpg,,https://removery.com/online-booking/?rsi=2d7320e2-ffad-4475-aa39-1b9681252a12,193,"https://www.google.com/maps/place/Removery+Tattoo+Removal+%26+Fading/@39.2817492,-76.58077949999999,14z/data=!4m8!1m2!2m1!1sRemovery+Tattoo+Removal+%26+Fading!3m4!1s0x89c8033091d0777d:0x114588fe2405235d!8m2!3d39.2817492!4d-76.58077949999999"
MD Laser Tattoo Removal Baltimore,http://www.removetattoomd.com/,"MD Laser Tattoo Removal Baltimore provides expert laser tattoo removal services, focusing on safe and effective treatments for local clients.","{""Service options"": {""Language assistance"": ""English, Spanish""}, ""Accessibility"": {""Wheelchair accessible entrance"": true, ""Wheelchair accessible parking lot"": true, ""Wheelchair accessible restroom"": true}, ""Amenities"": {""Restroom"": true}, ""Planning"": {""Appointments recommended"": true}}",OPERATIONAL,+1 410-768-0262,"1600 Crain Hwy S #106, Glen Burnie, MD 21061",1600 Crain Hwy S #106,Glen Burnie,Maryland,$200 - $600,21061,39.1442788,-76.632634,https://lh5.googleusercontent.com/p/AF1QipMmVCXHUmMyHQz3daWoqwhkp21_9vvKKmT8Ucwc=w800-h500-k-no,https://lh5.googleusercontent.com/p/AF1QipMmVCXHUmMyHQz3daWoqwhkp21_9vvKKmT8Ucwc=w800-h500-k-no ,https://lh5.googleusercontent.com/p/AF1QipMmVCXHUmMyHQz3daWoqwhkp21_9vvKKmT8Ucwc=w1600-h1000-k-no,"{""Monday"": ""9AM-5PM"", ""Tuesday"": ""9AM-5PM"", ""Wednesday"": ""9AM-5PM"", ""Thursday"": ""9AM-5PM"", ""Friday"": ""9AM-5PM"", ""Saturday"": ""9AM-3PM"", ""Sunday"": ""Closed""}",https://lh3.googleusercontent.com/-R9Epmpdg8QU/AAAAAAAAAAI/AAAAAAAAAAA/RKheFbINZ8s/s44-p-k-no-ns-nd/photo.jpg,,https://www.removetattoomd.com/contact,129,"https://www.google.com/maps/place/MD+Laser+Tattoo+Removal+Baltimore/@39.144278799999995,-76.632634,14z/data=!4m8!1m2!2m1!1sMD+Laser+Tattoo+Removal+Baltimore!3m4!1s0x89b7fcb7002c0761:0x9e53668747541022!8m2!3d39.144278799999995!4d-76.632634"
Baltimore Tattoo Removal,http://www.baltimoretatremoval.com/,"Baltimore Tattoo Removal offers professional laser tattoo removal, helping clients in Baltimore erase unwanted ink with precision.","{""Accessibility"": {""Wheelchair accessible entrance"": true, ""Wheelchair accessible parking lot"": true, ""Wheelchair accessible restroom"": true}, ""Amenities"": {""Restroom"": true}, ""Planning"": {""Appointment required"": true, ""Appointments recommended"": true}}",OPERATIONAL,+1 410-458-8383,"9515 Deereco Rd #208, Timonium, MD 21093",9515 Deereco Rd #208,Timonium,Maryland,$200 - $600,21093,39.4518161,-76.6397285,No,https://lh5.googleusercontent.com/p/AF1QipMmMeObCr2MS4kri4r6A_k5P99BRDnSrZQSSj42=w800-h500-k-no ,https://lh5.googleusercontent.com/p/AF1QipMmMeObCr2MS4kri4r6A_k5P99BRDnSrZQSSj42=w1600-h1000-k-no,"{""Monday"": ""8AM-5PM"", ""Tuesday"": ""8AM-5PM"", ""Wednesday"": ""8AM-8PM"", ""Thursday"": ""8AM-5PM"", ""Friday"": ""8AM-1PM"", ""Saturday"": ""Closed"", ""Sunday"": ""Closed""}",,,,12,"https://www.google.com/maps/place/Baltimore+Tattoo+Removal/@39.451816099999995,-76.63972849999999,14z/data=!4m8!1m2!2m1!1sBaltimore+Tattoo+Removal!3m4!1s0x89c80e00484f3043:0xb21e635fc7149e5e!8m2!3d39.451816099999995!4d-76.63972849999999"
Removery Tattoo Removal & Fading,https://removery.com/tattoo-removal/locations/ma/boston/back-bay/?rsi=3ecff237-8ef6-40d4-91f5-eb78b0566942,"Removery is the world’s leading tattoo removal company, specializing in safe, expert laser treatments to remove or fade unwanted ink.","{""Service options"": {""Language assistance"": ""English, Spanish""}, ""Accessibility"": {""Wheelchair accessible entrance"": true, ""Wheelchair accessible parking lot"": true, ""Wheelchair accessible restroom"": true, ""Wheelchair accessible seating"": true}, ""Amenities"": {""Gender-neutral restroom"": true, ""Restroom"": true, ""Restaurant"": false}, ""Crowd"": {""LGBTQ+ friendly"": true, ""Transgender safespace"": true}, ""Planning"": {""Appointments recommended"": true}, ""Other"": {""LGBTQ+ friendly"": true}}",OPERATIONAL,+1 617-858-8691,"661 Boylston St 3rd floor, Boston, MA 02116",661 Boylston St 3rd floor,Boston,Massachusetts,$200 - $650,02116,42.3500025,-71.0786776,No,https://lh5.googleusercontent.com/p/AF1QipORdR4ASaiudfr-llGRU1LFkMSZC-i3xFbUBPXC=w800-h500-k-no ,https://streetviewpixels-pa.googleapis.com/v1/thumbnail?panoid=a7lMucmF1hv75-jyZCWthQ&cb_client=search.gws-prod.gps&w=1600&h=1000&yaw=335.85742&pitch=0&thumbfov=100,"{""Monday"": ""Closed"", ""Tuesday"": ""9:30AM-6PM"", ""Wednesday"": ""9:30AM-6PM"", ""Thursday"": ""9:30AM-6PM"", ""Friday"": ""9:30AM-6PM"", ""Saturday"": ""9AM-3PM"", ""Sunday"": ""Closed""}",https://lh4.googleusercontent.com/-TeI24r7g74o/AAAAAAAAAAI/AAAAAAAAAAA/wR3uQp0wtAk/s44-p-k-no-ns-nd/photo.jpg,,https://removery.com/online-booking/?rsi=2d7320e2-ffad-4475-aa39-1b9681252a12,517,"https://www.google.com/maps/place/Removery+Tattoo+Removal+%26+Fading/@42.350002499999995,-71.07867759999999,14z/data=!4m8!1m2!2m1!1sRemovery+Tattoo+Removal+%26+Fading!3m4!1s0x89e37a7896a22fa9:0x63166e606fde7246!8m2!3d42.350002499999995!4d-71.07867759999999"
Removery Tattoo Removal & Fading,https://removery.com/tattoo-removal/locations/ma/boston/dedham/?rsi=3ecff237-8ef6-40d4-91f5-eb78b0566942,"Removery is the world’s leading tattoo removal company, specializing in safe, expert laser treatments to remove or fade unwanted ink.","{""Service options"": {""Onsite services"": true, ""Language assistance"": ""English, Spanish""}, ""Accessibility"": {""Wheelchair accessible parking lot"": true, ""Wheelchair accessible restroom"": true, ""Wheelchair accessible seating"": true}, ""Amenities"": {""Gender-neutral restroom"": true, ""Restroom"": true, ""Restaurant"": false}, ""Crowd"": {""LGBTQ+ friendly"": true, ""Transgender safespace"": true}, ""Planning"": {""Appointments recommended"": true}, ""Other"": {""LGBTQ+ friendly"": true}}",OPERATIONAL,+1 207-290-8758,"910 Providence Hwy, Dedham, MA 02026",910 Providence Hwy,Dedham,Massachusetts,$200 - $650,02026,42.2337992,-71.1792244,https://lh5.googleusercontent.com/p/AF1QipMZXthTYjZ1sMMqH4om82WqX2ShZYAyEWsPpy-3=w800-h500-k-no ,https://lh5.googleusercontent.com/p/AF1QipMZXthTYjZ1sMMqH4om82WqX2ShZYAyEWsPpy-3=w800-h500-k-no ,https://lh5.googleusercontent.com/p/AF1QipMZXthTYjZ1sMMqH4om82WqX2ShZYAyEWsPpy-3=w1600-h1000-k-no,"{""Monday"": ""Closed"", ""Tuesday"": ""10:30AM-7PM"", ""Wednesday"": ""10AM-6PM"", ""Thursday"": ""10AM-6PM"", ""Friday"": ""9:30AM-5:30PM"", ""Saturday"": ""9AM-3PM"", ""Sunday"": ""Closed""}",https://lh6.googleusercontent.com/-XumEgyBxdeA/AAAAAAAAAAI/AAAAAAAAAAA/F4AHrBymh74/s44-p-k-no-ns-nd/photo.jpg,,https://removery.com/online-booking/?rsi=2d7320e2-ffad-4475-aa39-1b9681252a12,118,"https://www.google.com/maps/place/Removery+Tattoo+Removal+%26+Fading/@42.2337992,-71.1792244,14z/data=!4m8!1m2!2m1!1sRemovery+Tattoo+Removal+%26+Fading!3m4!1s0x89e37f4309e46685:0x7d349673447f9a0e!8m2!3d42.2337992!4d-71.1792244"
Clarity Tattoo Removal,https://claritytattooremoval.com/,Clarity Tattoo Removal delivers advanced laser tattoo removal with a focus on clear results and client satisfaction.,"{""From the business"": {""Identifies as LGBTQ+ owned"": true}, ""Accessibility"": {""Wheelchair accessible restroom"": true}, ""Amenities"": {""Restroom"": true}, ""Crowd"": {""LGBTQ+ friendly"": true, ""Transgender safespace"": true}, ""Planning"": {""Appointment required"": true, ""Appointments recommended"": true}, ""Other"": {""LGBTQ+ friendly"": true, ""Identifies as LGBTQ+ owned"": true}}",OPERATIONAL,+1 617-650-0058,"259 Elm St Suite LL1, Somerville, MA 02144",259 Elm St Suite LL1,Somerville,Massachusetts,$200 - $650,02144,42.3958538,-71.1217813,No,https://lh5.googleusercontent.com/p/AF1QipM_4FBI00iqs4mHlxrcGJHPd2X6Audns8GOEIVH=w800-h500-k-no ,https://lh5.googleusercontent.com/p/AF1QipM_4FBI00iqs4mHlxrcGJHPd2X6Audns8GOEIVH=w1600-h1000-k-no,"{""Monday"": ""Closed"", ""Tuesday"": ""10AM-6PM"", ""Wednesday"": ""10AM-6PM"", ""Thursday"": ""10AM-6PM"", ""Friday"": ""10AM-6PM"", ""Saturday"": ""10AM-6PM"", ""Sunday"": ""Closed""}",https://lh6.googleusercontent.com/-oHEks2pYLVU/AAAAAAAAAAI/AAAAAAAAAAA/WUuG6_YFaJo/s44-p-k-no-ns-nd/photo.jpg,,https://claritytattooremoval.com/book-now/,18,"https://www.google.com/maps/place/Clarity+Tattoo+Removal/@42.3958538,-71.1217813,14z/data=!4m8!1m2!2m1!1sClarity+Tattoo+Removal!3m4!1s0x89e37786e259ca6f:0xc37710bba1c8b71!8m2!3d42.3958538!4d-71.1217813"
NEO Tattoo Removal & Fading,https://neotattooremoval.com/,"NEO Tattoo Removal & Fading provides expert laser treatments to remove or fade tattoos, emphasizing safety and effectiveness.","{""Accessibility"": {""Wheelchair accessible parking lot"": true}, ""Amenities"": {""Restroom"": true}, ""Planning"": {""Appointments recommended"": true}}",OPERATIONAL,+1 617-221-5321,"20 Chestnut St Suite 11, Needham, MA 02492",20 Chestnut St Suite 11,Needham,Massachusetts,$200 - $650,02492,42.2797822,-71.2367968,https://lh5.googleusercontent.com/p/AF1QipOOPll1EokzHuF5AiS7jlFcD-W5i_KbL2kROjC1=w800-h500-k-no,https://lh5.googleusercontent.com/p/AF1QipOOPll1EokzHuF5AiS7jlFcD-W5i_KbL2kROjC1=w800-h500-k-no,https://lh5.googleusercontent.com/p/AF1QipOOPll1EokzHuF5AiS7jlFcD-W5i_KbL2kROjC1=w1600-h1000-k-no,"{""Monday"": ""9AM-6PM"", ""Tuesday"": ""9AM-6PM"", ""Wednesday"": ""9AM-6PM"", ""Thursday"": ""9AM-6PM"", ""Friday"": ""9AM-6PM"", ""Saturday"": ""10AM-4PM"", ""Sunday"": ""Closed""}",https://lh5.googleusercontent.com/-irogjuTydNc/AAAAAAAAAAI/AAAAAAAAAAA/lS2YI5r2OKU/s44-p-k-no-ns-nd/photo.jpg,,,55,"https://www.google.com/maps/place/NEO+Tattoo+Removal+%26+Fading/@42.2797822,-71.2367968,14z/data=!4m8!1m2!2m1!1sNEO+Tattoo+Removal+%26+Fading!3m4!1s0x89e3814dbac24ccb:0xd72cf9f444462d5c!8m2!3d42.2797822!4d-71.2367968"
Removery Tattoo Removal & Fading,https://removery.com/tattoo-removal/locations/ma/boston/braintree/?rsi=3ecff237-8ef6-40d4-91f5-eb78b0566942,"Removery is the world’s leading tattoo removal company, specializing in safe, expert laser treatments to remove or fade unwanted ink.","{""Service options"": {""Language assistance"": ""English, Spanish""}, ""Accessibility"": {""Wheelchair accessible parking lot"": true, ""Wheelchair accessible restroom"": true, ""Wheelchair accessible seating"": true}, ""Amenities"": {""Gender-neutral restroom"": true, ""Restroom"": true, ""Restaurant"": false}, ""Crowd"": {""LGBTQ+ friendly"": true, ""Transgender safespace"": true}, ""Planning"": {""Appointments recommended"": true}, ""Other"": {""LGBTQ+ friendly"": true}}",OPERATIONAL,+1 339-331-0670,"25 Elm St, Braintree, MA 02184",25 Elm St,Braintree,Massachusetts,$200 - $650,02184,42.2209612,-71.0033674,No,https://lh5.googleusercontent.com/p/AF1QipPkisAL7ffvEstwMu-NvHW2p-CoQ7Bhxr9KuH8k=w800-h500-k-no ,https://lh5.googleusercontent.com/p/AF1QipPkisAL7ffvEstwMu-NvHW2p-CoQ7Bhxr9KuH8k=w1600-h1000-k-no,"{""Monday"": ""Closed"", ""Tuesday"": ""9:30AM-6PM"", ""Wednesday"": ""9:30AM-6PM"", ""Thursday"": ""9:30AM-6PM"", ""Friday"": ""9:30AM-5PM"", ""Saturday"": ""9AM-3PM"", ""Sunday"": ""Closed""}",https://lh5.googleusercontent.com/-YRQzsCi0Kk8/AAAAAAAAAAI/AAAAAAAAAAA/ZpKjedxpnIQ/s44-p-k-no-ns-nd/photo.jpg,,https://removery.com/online-booking/?rsi=2d7320e2-ffad-4475-aa39-1b9681252a12,381,"https://www.google.com/maps/place/Removery+Tattoo+Removal+%26+Fading/@42.2209612,-71.0033674,14z/data=!4m8!1m2!2m1!1sRemovery+Tattoo+Removal+%26+Fading!3m4!1s0x89e37d2d3b66f613:0xa1a2ebb4402e600e!8m2!3d42.2209612!4d-71.0033674"
Atlantic Laser Tattoo Removal,http://www.atlantictattooremoval.com/,Atlantic Laser Tattoo Removal offers professional tattoo removal services using advanced laser technology for optimal results.,"{""Accessibility"": {""Wheelchair accessible entrance"": true, ""Wheelchair accessible parking lot"": true, ""Wheelchair accessible restroom"": true}, ""Amenities"": {""Restroom"": true}, ""Planning"": {""Appointments recommended"": true}}",OPERATIONAL,+1 757-340-4663,"277 N Lynnhaven Rd #111, Virginia Beach, VA 23452",277 N Lynnhaven Rd #111,Virginia Beach,Virginia,$175 - $550,23452,36.8430272,-76.0714847,No,https://lh5.googleusercontent.com/p/AF1QipNG8OMWSDvnAk4_Reg-uta37if24MNCJrExpZ4N=w800-h500-k-no ,https://lh5.googleusercontent.com/p/AF1QipNG8OMWSDvnAk4_Reg-uta37if24MNCJrExpZ4N=w1600-h1000-k-no,"{""Monday"": ""9AM-7PM"", ""Tuesday"": ""9AM-7PM"", ""Wednesday"": ""9AM-7PM"", ""Thursday"": ""9AM-7PM"", ""Friday"": ""9AM-7PM"", ""Saturday"": ""9AM-3PM"", ""Sunday"": ""Closed""}",https://lh4.googleusercontent.com/-a0sCj2hyyro/AAAAAAAAAAI/AAAAAAAAAAA/4opF830Zoyw/s44-p-k-no-ns-nd/photo.jpg,,,101,"https://www.google.com/maps/place/Atlantic+Laser+Tattoo+Removal/@36.8430272,-76.0714847,14z/data=!4m8!1m2!2m1!1sAtlantic+Laser+Tattoo+Removal!3m4!1s0x89baeac5b3ecfcb1:0xb3393b82d1e999a4!8m2!3d36.8430272!4d-76.0714847"
East Coast Laser Tattoo Removal,https://eastcoastlasertattooremoval.com/,"East Coast Laser Tattoo Removal specializes in safe, effective laser tattoo removal for clients along the East Coast.","{""Accessibility"": {""Wheelchair accessible parking lot"": true}, ""Planning"": {""Appointments recommended"": true}}",OPERATIONAL,+1 804-447-2300,"2727 Enterprise Pkwy #106, Richmond, VA 23294",2727 Enterprise Pkwy #106,Richmond,Virginia,$175 - $550,23294,37.6228377,-77.5314303,https://lh5.googleusercontent.com/p/AF1QipOzsAjVUGmPFEq4WWTBEzz0GFzKeKCpNbHLbLjD=w800-h500-k-no ,https://lh5.googleusercontent.com/p/AF1QipOzsAjVUGmPFEq4WWTBEzz0GFzKeKCpNbHLbLjD=w800-h500-k-no ,https://lh5.googleusercontent.com/p/AF1QipOzsAjVUGmPFEq4WWTBEzz0GFzKeKCpNbHLbLjD=w1600-h1000-k-no,"{""Monday"": ""Closed"", ""Tuesday"": ""9AM-7PM"", ""Wednesday"": ""9AM-7PM"", ""Thursday"": ""9AM-7PM"", ""Friday"": ""9AM-7PM"", ""Saturday"": ""9AM-3PM"", ""Sunday"": ""Closed""}",https://lh6.googleusercontent.com/-8iAG5GwmI4M/AAAAAAAAAAI/AAAAAAAAAAA/kL5lHCwruRk/s44-p-k-no-ns-nd/photo.jpg,,https://eastcoastlasertattooremoval.com/contact/,49,"https://www.google.com/maps/place/East+Coast+Laser+Tattoo+Removal/@37.6228377,-77.5314303,14z/data=!4m8!1m2!2m1!1sEast+Coast+Laser+Tattoo+Removal!3m4!1s0x89b11510e8423569:0x59897c49b1c3b454!8m2!3d37.6228377!4d-77.5314303"
Regretful Heart Laser Tattoo Removal,http://www.regretfulheart.com/,"Regretful Heart provides compassionate laser tattoo removal services, helping clients move past unwanted tattoos.","{""From the business"": {""Identifies as women-owned"": true}, ""Accessibility"": {""Wheelchair accessible entrance"": true, ""Wheelchair accessible parking lot"": true, ""Wheelchair accessible seating"": false}, ""Amenities"": {""Restroom"": true}, ""Planning"": {""Appointment required"": true, ""Appointments recommended"": true}, ""Other"": {""Identifies as women-owned"": true}}",OPERATIONAL,+1 804-404-6428,"213 E Grace St #100, Richmond, VA 23219",213 E Grace St #100,Richmond,Virginia,$175 - $550,23219,37.5433578,-77.4406727,https://lh5.googleusercontent.com/p/AF1QipPfoB0pS8PkeFEKCUplrFKlwACh4GvKMxrFsqdT=w800-h500-k-no ,https://lh5.googleusercontent.com/p/AF1QipPfoB0pS8PkeFEKCUplrFKlwACh4GvKMxrFsqdT=w800-h500-k-no ,https://lh5.googleusercontent.com/p/AF1QipPfoB0pS8PkeFEKCUplrFKlwACh4GvKMxrFsqdT=w1600-h1000-k-no,"{""Monday"": ""10AM-5PM"", ""Tuesday"": ""10AM-5PM"", ""Wednesday"": ""10AM-5PM"", ""Thursday"": ""10AM-5PM"", ""Friday"": ""10AM-5PM"", ""Saturday"": ""12-5PM"", ""Sunday"": ""12-5PM""}",https://lh5.googleusercontent.com/-AJ0Tfcz-uWg/AAAAAAAAAAI/AAAAAAAAAAA/war-4sfaHDU/s44-p-k-no-ns-nd/photo.jpg,,,59,"https://www.google.com/maps/place/Regretful+Heart+Laser+Tattoo+Removal/@37.543357799999995,-77.4406727,14z/data=!4m8!1m2!2m1!1sRegretful+Heart+Laser+Tattoo+Removal!3m4!1s0x89b1112843bdcb47:0xee4037041057d4b1!8m2!3d37.543357799999995!4d-77.4406727"
Removery Tattoo Removal & Fading,https://removery.com/tattoo-removal/locations/va/washintgon-dc/arlington/?rsi=3ecff237-8ef6-40d4-91f5-eb78b0566942,"Removery is the world’s leading tattoo removal company, specializing in safe, expert laser treatments to remove or fade unwanted ink.","{""Service options"": {""Language assistance"": ""English, Spanish""}, ""Accessibility"": {""Wheelchair accessible entrance"": true, ""Wheelchair accessible parking lot"": true, ""Wheelchair accessible restroom"": true, ""Wheelchair accessible seating"": true}, ""Amenities"": {""Gender-neutral restroom"": true, ""Restroom"": true, ""Restaurant"": false}, ""Crowd"": {""LGBTQ+ friendly"": true, ""Transgender safespace"": true}, ""Planning"": {""Appointments recommended"": true}, ""Other"": {""LGBTQ+ friendly"": true}}",OPERATIONAL,+1 704-850-5367,"4238 Wilson Blvd Unit 1150, Arlington, VA 22203",4238 Wilson Blvd Unit 1150,Arlington,Virginia,$175 - $550,22203,38.8788257,-77.1112114,No,https://lh5.googleusercontent.com/p/AF1QipPzsXJ5Em8QwRQan2baq7tVoDZUHsVmrLvOrQpR=w800-h500-k-no,https://lh5.googleusercontent.com/p/AF1QipPzsXJ5Em8QwRQan2baq7tVoDZUHsVmrLvOrQpR=w1600-h1000-k-no,"{""Monday"": ""Closed"", ""Tuesday"": ""9:30AM-6PM"", ""Wednesday"": ""9:30AM-6PM"", ""Thursday"": ""11AM-7PM"", ""Friday"": ""9AM-5PM"", ""Saturday"": ""9AM-2PM"", ""Sunday"": ""Closed""}",https://lh5.googleusercontent.com/-C7dRzeun9Og/AAAAAAAAAAI/AAAAAAAAAAA/VO7tODv_i18/s44-p-k-no-ns-nd/photo.jpg,,https://removery.com/online-booking/?rsi=2d7320e2-ffad-4475-aa39-1b9681252a12,322,"https://www.google.com/maps/place/Removery+Tattoo+Removal+%26+Fading/@38.8788257,-77.1112114,14z/data=!4m8!1m2!2m1!1sRemovery+Tattoo+Removal+%26+Fading!3m4!1s0x89b7b5e89da04c69:0x4402173cae8f41f7!8m2!3d38.8788257!4d-77.1112114"
Rethink Laser Tattoo Removal,https://rethinklasertattooremoval.com/,"Rethink Laser Tattoo Removal offers expert tattoo removal services, encouraging clients to rethink their ink with safe treatments.","{""From the business"": {""Identifies as women-owned"": true}, ""Accessibility"": {""Wheelchair accessible parking lot"": true}, ""Amenities"": {""Restroom"": true}, ""Crowd"": {""LGBTQ+ friendly"": true, ""Transgender safespace"": true}, ""Planning"": {""Appointment required"": true, ""Appointments recommended"": true}, ""Other"": {""LGBTQ+ friendly"": true, ""Identifies as women-owned"": true}}",OPERATIONAL,+1 571-562-5231,"1010 N Glebe Rd, Arlington, VA 22201",1010 N Glebe Rd,Arlington,Virginia,$175 - $550,22201,38.8833234,-77.1169652,https://lh5.googleusercontent.com/p/AF1QipPlh17O1o3S1VfWe7TyXx0NvdBK1HZ4cC3YH4Op=w800-h500-k-no,https://lh5.googleusercontent.com/p/AF1QipPlh17O1o3S1VfWe7TyXx0NvdBK1HZ4cC3YH4Op=w800-h500-k-no,https://lh5.googleusercontent.com/p/AF1QipPlh17O1o3S1VfWe7TyXx0NvdBK1HZ4cC3YH4Op=w1600-h1000-k-no,"{""Monday"": ""9AM-6PM"", ""Tuesday"": ""9AM-6PM"", ""Wednesday"": ""9AM-6PM"", ""Thursday"": ""9AM-6PM"", ""Friday"": ""9AM-6PM"", ""Saturday"": ""9AM-6PM"", ""Sunday"": ""9AM-6PM""}",https://lh4.googleusercontent.com/-6Hexj9Re_8o/AAAAAAAAAAI/AAAAAAAAAAA/EQHG_l326Y8/s44-p-k-no-ns-nd/photo.jpg,,https://www.vagaro.com/googlemap/U2FsdGVkX1-qOsM5s12wp031KiigOFNr5WoC-t3U1Io=?hl=en-US&gei=JWPQZ6PYAc2Exc8P4pznqQk&rwg_token=AAiGsoaL5t_ENSGi9Jpr2tmRJI_liUWEokaMuaJoosWFgQ-H6D8CDdy2SAN7Ip80nS2Qv3-jle96VRTO8xhwUtKIDxlwu-YOmA%3D%3D,25,"https://www.google.com/maps/place/Rethink+Laser+Tattoo+Removal/@38.883323399999995,-77.1169652,14z/data=!4m8!1m2!2m1!1sRethink+Laser+Tattoo+Removal!3m4!1s0x89b7b569fb593b87:0xa54d4266a7175e7!8m2!3d38.883323399999995!4d-77.1169652"
Laser Eraser: Laser Tattoo Removal,https://lasereraserparamus.com/,"Laser Eraser provides advanced laser tattoo removal, dedicated to erasing tattoos with precision and care.","{""From the business"": {""Identifies as Latino-owned"": true}, ""Accessibility"": {""Wheelchair accessible parking lot"": true}, ""Amenities"": {""Restroom"": true}, ""Planning"": {""Appointments recommended"": true}, ""Other"": {""Identifies as Latino-owned"": true}}",OPERATIONAL,+1 201-743-3737,"193 NJ-17, Paramus, NJ 07652",193 NJ-17,Paramus,New Jersey,$200 - $650,07652,40.9341128,-74.0713937,https://lh5.googleusercontent.com/p/AF1QipNOQdE127PXx0a0JtFPe0BS6fafbi8JDzUnSTni=w800-h500-k-no,https://lh5.googleusercontent.com/p/AF1QipNOQdE127PXx0a0JtFPe0BS6fafbi8JDzUnSTni=w800-h500-k-no,https://lh5.googleusercontent.com/p/AF1QipNOQdE127PXx0a0JtFPe0BS6fafbi8JDzUnSTni=w1600-h1000-k-no,"{""Monday"": ""Closed"", ""Tuesday"": ""9AM-7PM"", ""Wednesday"": ""9AM-5PM"", ""Thursday"": ""10AM-6PM"", ""Friday"": ""10AM-6PM"", ""Saturday"": ""9AM-3PM"", ""Sunday"": ""Closed""}",https://lh4.googleusercontent.com/-Teu4UfAkwMA/AAAAAAAAAAI/AAAAAAAAAAA/bgFhl7ht0CU/s44-p-k-no-ns-nd/photo.jpg,,,11,"https://www.google.com/maps/place/Laser+Eraser%3A+Laser+Tattoo+Removal/@40.9341128,-74.0713937,14z/data=!4m8!1m2!2m1!1sLaser+Eraser%3A+Laser+Tattoo+Removal!3m4!1s0x89c2fbb3c58b5957:0xfea460910e5cf8ae!8m2!3d40.9341128!4d-74.0713937"
Removery Tattoo Removal & Fading,https://removery.com/tattoo-removal/locations/new-jersey/wayne/?rsi=3ecff237-8ef6-40d4-91f5-eb78b0566942,"Removery is the world’s leading tattoo removal company, specializing in safe, expert laser treatments to remove or fade unwanted ink.","{""Service options"": {""Language assistance"": ""English, Spanish""}, ""Accessibility"": {""Wheelchair accessible entrance"": true, ""Wheelchair accessible parking lot"": true, ""Wheelchair accessible restroom"": true, ""Wheelchair accessible seating"": true}, ""Amenities"": {""Gender-neutral restroom"": true, ""Restroom"": true, ""Restaurant"": false}, ""Crowd"": {""LGBTQ+ friendly"": true, ""Transgender safespace"": true}, ""Planning"": {""Appointments recommended"": true}, ""Other"": {""LGBTQ+ friendly"": true}}",OPERATIONAL,+1 973-566-5970,"155 Willowbrook Blvd Suite 210, Wayne, NJ 07470",155 Willowbrook Blvd Suite 210,Wayne,New Jersey,$200 - $650,07470,40.8864298,-74.2544671,No,https://lh5.googleusercontent.com/p/AF1QipPs2C1s56HK___qlwx82fO7GG5a_dRqnVm_z2s0=w800-h500-k-no,https://lh5.googleusercontent.com/p/AF1QipPs2C1s56HK___qlwx82fO7GG5a_dRqnVm_z2s0=w1600-h1000-k-no,"{""Monday"": ""Closed"", ""Tuesday"": ""9:30AM-5PM"", ""Wednesday"": ""9:30AM-5PM"", ""Thursday"": ""9:30AM-5PM"", ""Friday"": ""9:30AM-5PM"", ""Saturday"": ""9:30AM-3PM"", ""Sunday"": ""Closed""}",https://lh5.googleusercontent.com/-NrHk6FCubQ0/AAAAAAAAAAI/AAAAAAAAAAA/GTPurjSaJ78/s44-p-k-no-ns-nd/photo.jpg,,https://removery.com/online-booking/?rsi=2d7320e2-ffad-4475-aa39-1b9681252a12,275,"https://www.google.com/maps/place/Removery+Tattoo+Removal+%26+Fading/@40.886429799999995,-74.2544671,14z/data=!4m8!1m2!2m1!1sRemovery+Tattoo+Removal+%26+Fading!3m4!1s0x89c2fd776415553d:0x26b6e8797874e49a!8m2!3d40.886429799999995!4d-74.2544671"
Laser Eraser: Laser Tattoo Removal,https://lasererasernow.com/,"Laser Eraser provides advanced laser tattoo removal, dedicated to erasing tattoos with precision and care.","{""Accessibility"": {""Wheelchair accessible parking lot"": true}, ""Amenities"": {""Restroom"": true}, ""Planning"": {""Appointments recommended"": true}}",OPERATIONAL,+1 848-304-3075,"77 Central Ave, Clark, NJ 07066",77 Central Ave,Clark,New Jersey,$200 - $650,07066,40.6263952,-74.3068245,No,https://lh3.googleusercontent.com/gps-cs-s/AB5caB8ZssuOB7YjIbm3FgSUSW5goYZBe05bP5Y6NdRh_GHxCOPo_5V9j_bgXyUKxvisDv13atnUb4IAf0dK1-LgptlIzLK8s_aa3YSgKTOnif6jPcZgmOUTDXh9A4s43hr59om6qlI4kQ=w800-h500-k-no,https://lh3.googleusercontent.com/gps-cs-s/AB5caB8ZssuOB7YjIbm3FgSUSW5goYZBe05bP5Y6NdRh_GHxCOPo_5V9j_bgXyUKxvisDv13atnUb4IAf0dK1-LgptlIzLK8s_aa3YSgKTOnif6jPcZgmOUTDXh9A4s43hr59om6qlI4kQ=w1600-h1000-k-no,"{""Monday"": ""Closed"", ""Tuesday"": ""9AM-7PM"", ""Wednesday"": ""9AM-5PM"", ""Thursday"": ""10AM-6PM"", ""Friday"": ""10AM-6PM"", ""Saturday"": ""9AM-3PM"", ""Sunday"": ""Closed""}",https://lh4.googleusercontent.com/-LMBZyOisDXc/AAAAAAAAAAI/AAAAAAAAAAA/VWSjnQcvgwM/s44-p-k-no-ns-nd/photo.jpg,,https://lasereraser.zenoti.com/webstoreNew/services,88,"https://www.google.com/maps/place/Laser+Eraser%3A+Laser+Tattoo+Removal/@40.6263952,-74.30682449999999,14z/data=!4m8!1m2!2m1!1sLaser+Eraser%3A+Laser+Tattoo+Removal!3m4!1s0x89c3b3fc7814a523:0xd2a1ad0fa23c6148!8m2!3d40.6263952!4d-74.30682449999999"
Safe and Gentle Tattoo Removal,http://safeandgentletattooremoval.com/,Safe and Gentle Tattoo Removal focuses on delivering laser tattoo removal with a gentle approach for client comfort and safety.,"{""Accessibility"": {""Wheelchair accessible entrance"": true, ""Wheelchair accessible parking lot"": true, ""Wheelchair accessible restroom"": true}, ""Amenities"": {""Restroom"": true}, ""Planning"": {""Appointment required"": true, ""Appointments recommended"": true}}",OPERATIONAL,+1 732-361-4961,"1806 NJ-35 suite 209 b, Oakhurst, NJ 07755",1806 NJ-35 suite 209 b,Oakhurst,New Jersey,$200 - $650,07755,40.2606294,-74.0424053,No,https://streetviewpixels-pa.googleapis.com/v1/thumbnail?panoid=a9XvEmLz5JiptzXPgmtI9A&cb_client=search.gws-prod.gps&w=800&h=500&yaw=142.77641&pitch=0&thumbfov=100,https://streetviewpixels-pa.googleapis.com/v1/thumbnail?panoid=a9XvEmLz5JiptzXPgmtI9A&cb_client=search.gws-prod.gps&w=1600&h=1000&yaw=142.77641&pitch=0&thumbfov=100,"{""Monday"": ""Closed"", ""Tuesday"": ""Closed"", ""Wednesday"": ""Closed"", ""Thursday"": ""Closed"", ""Friday"": ""Closed"", ""Saturday"": ""9:30AM-3:30PM"", ""Sunday"": ""Closed""}",https://lh6.googleusercontent.com/-3qPFVFx_VEw/AAAAAAAAAAI/AAAAAAAAAAA/OMtbwFfChbI/s44-p-k-no-ns-nd/photo.jpg,,,39,"https://www.google.com/maps/place/Safe+and+Gentle+Tattoo+Removal/@40.2606294,-74.0424053,14z/data=!4m8!1m2!2m1!1sSafe+and+Gentle+Tattoo+Removal!3m4!1s0x89c228ace3c353af:0xb1c5bd71249226f7!8m2!3d40.2606294!4d-74.0424053"
WOW LASER NYC Tattoo removal in New York,https://wowgirlny.com/tattoo-removal/,"WOW LASER NYC offers top-tier tattoo removal services in New York, using advanced laser technology for effective results.","{""Amenities"": {""Restroom"": true}, ""Crowd"": {""LGBTQ+ friendly"": true, ""Transgender safespace"": true}, ""Planning"": {""Appointments recommended"": true}, ""Other"": {""LGBTQ+ friendly"": true}}",OPERATIONAL,+1 929-666-2772,"315 5th Ave STE 400, New York, NY 10016",315 5th Ave STE 400,New York,New York,$200 - $700,10016,40.7468666,-73.985177,https://lh5.googleusercontent.com/p/AF1QipPwcaufrKiunRNo-NIcYfCtRR3uTdBK1-Fx92U4=w800-h500-k-no,https://lh5.googleusercontent.com/p/AF1QipPwcaufrKiunRNo-NIcYfCtRR3uTdBK1-Fx92U4=w800-h500-k-no,https://lh5.googleusercontent.com/p/AF1QipPwcaufrKiunRNo-NIcYfCtRR3uTdBK1-Fx92U4=w1600-h1000-k-no,"{""Monday"": ""10AM-6PM"", ""Tuesday"": ""10AM-6PM"", ""Wednesday"": ""10AM-6PM"", ""Thursday"": ""10AM-6PM"", ""Friday"": ""10AM-6PM"", ""Saturday"": ""10AM-6PM"", ""Sunday"": ""10AM-6PM""}",https://lh4.googleusercontent.com/-UffoMtQ1_B0/AAAAAAAAAAI/AAAAAAAAAAA/gOYlwxiB5M8/s44-p-k-no-ns-nd/photo.jpg,,https://www.vagaro.com/googlemap/U2FsdGVkX1-94aaTCqpSK24qhSNbM9IkgzH89Q9cLfU=?hl=en-US&gei=g23QZ5baCODMkPIP89jpsAc&rwg_token=AAiGsoZ54dW34YtuQSUzIjcNQtfYtwliIYzbsZ7eHZCMjerAAttQdgpTHealbG-T_R9H65NwteA3O1J9g6sc3aVRkkT33zfPgA%3D%3D,57,"https://www.google.com/maps/place/WOW+LASER+NYC+Tattoo+removal+in+New+York/@40.7468666,-73.985177,14z/data=!4m8!1m2!2m1!1sWOW+LASER+NYC+Tattoo+removal+in+New+York!3m4!1s0x89c259d97352a2e7:0xc79b9abbb9b6549c!8m2!3d40.7468666!4d-73.985177"
Clean Slate Laser Tattoo Removal - Brooklyn,https://www.cleanslatelaser.com/,Clean Slate Laser Tattoo Removal in Brooklyn provides expert laser treatments to give clients a fresh start by removing unwanted ink.,"{""Accessibility"": {""Wheelchair accessible restroom"": true}, ""Amenities"": {""Restroom"": true}, ""Planning"": {""Appointments recommended"": true}, ""Parking"": {""Paid street parking"": true}}",OPERATIONAL,+1 914-949-7943,"inside Removery, 527 Atlantic Ave, Brooklyn, NY 11217","inside Removery, 527 Atlantic Ave",Brooklyn,New York,$200 - $700,11217,40.685312,-73.9800218,No,https://streetviewpixels-pa.googleapis.com/v1/thumbnail?panoid=6LmpvnvHcDIagrC2Ck67bQ&cb_client=search.gws-prod.gps&w=800&h=500&yaw=26.167112&pitch=0&thumbfov=100,https://streetviewpixels-pa.googleapis.com/v1/thumbnail?panoid=6LmpvnvHcDIagrC2Ck67bQ&cb_client=search.gws-prod.gps&w=1600&h=1000&yaw=26.167112&pitch=0&thumbfov=100,"{""Monday"": ""Closed"", ""Tuesday"": ""9:30AM-6PM"", ""Wednesday"": ""9:30AM-6PM"", ""Thursday"": ""11AM-7PM"", ""Friday"": ""9AM-5PM"", ""Saturday"": ""9AM-2PM"", ""Sunday"": ""Closed""}",,,,37,"https://www.google.com/maps/place/Clean+Slate+Laser+Tattoo+Removal+-+Brooklyn/@40.685311999999996,-73.9800218,14z/data=!4m8!1m2!2m1!1sClean+Slate+Laser+Tattoo+Removal+-+Brooklyn!3m4!1s0x89c25bf195916c09:0x56eb244533512996!8m2!3d40.685311999999996!4d-73.9800218"
Removery Tattoo Removal & Fading,https://removery.com/tattoo-removal/locations/ny/nyc/manhattan-flatiron/?rsi=3ecff237-8ef6-40d4-91f5-eb78b0566942,"Removery is the world’s leading tattoo removal company, specializing in safe, expert laser treatments to remove or fade unwanted ink.","{""Service options"": {""Language assistance"": ""English, Spanish""}, ""Accessibility"": {""Wheelchair accessible entrance"": true, ""Wheelchair accessible restroom"": true, ""Wheelchair accessible seating"": true}, ""Amenities"": {""Gender-neutral restroom"": true, ""Restroom"": true, ""Restaurant"": false}, ""Crowd"": {""LGBTQ+ friendly"": true, ""Transgender safespace"": true}, ""Planning"": {""Appointments recommended"": true}, ""Other"": {""LGBTQ+ friendly"": true}}",OPERATIONAL,+1 646-867-0602,"4 W 21st St, New York, NY 10010",4 W 21st St,New York,New York,$200 - $700,10010,40.7404399,-73.991389,https://lh5.googleusercontent.com/p/AF1QipMiA5zyT59Jlpdz7iZSN422V4-suew08FCyeE4U=w800-h500-k-no,https://lh5.googleusercontent.com/p/AF1QipMiA5zyT59Jlpdz7iZSN422V4-suew08FCyeE4U=w800-h500-k-no,https://lh5.googleusercontent.com/p/AF1QipMiA5zyT59Jlpdz7iZSN422V4-suew08FCyeE4U=w1600-h1000-k-no,"{""Monday"": ""Closed"", ""Tuesday"": ""9AM-7PM"", ""Wednesday"": ""9AM-7PM"", ""Thursday"": ""9AM-7PM"", ""Friday"": ""9AM-5PM"", ""Saturday"": ""9AM-5PM"", ""Sunday"": ""Closed""}",https://lh6.googleusercontent.com/-ErLfclOc4FY/AAAAAAAAAAI/AAAAAAAAAAA/h5EflmHQ3XA/s44-p-k-no-ns-nd/photo.jpg,,https://removery.com/online-booking/?rsi=2d7320e2-ffad-4475-aa39-1b9681252a12,800,"https://www.google.com/maps/place/Removery+Tattoo+Removal+%26+Fading/@40.7404399,-73.991389,14z/data=!4m8!1m2!2m1!1sRemovery+Tattoo+Removal+%26+Fading!3m4!1s0x89c259a772ea4c53:0x8162f969bf192c7d!8m2!3d40.7404399!4d-73.991389"
Removery Tattoo Removal & Fading,https://removery.com/tattoo-removal/locations/ny/nyc/manhattan-beekman/?rsi=3ecff237-8ef6-40d4-91f5-eb78b0566942,"Removery is the world’s leading tattoo removal company, specializing in safe, expert laser treatments to remove or fade unwanted ink.","{""Service options"": {""Language assistance"": ""English, Spanish""}, ""Accessibility"": {""Wheelchair accessible restroom"": true, ""Wheelchair accessible seating"": true}, ""Amenities"": {""Gender-neutral restroom"": true, ""Restroom"": true, ""Restaurant"": false}, ""Crowd"": {""LGBTQ+ friendly"": true, ""Transgender safespace"": true}, ""Planning"": {""Appointments recommended"": true}, ""Other"": {""LGBTQ+ friendly"": true}}",OPERATIONAL,+1 646-867-0602,"2 Beekman St, New York, NY 10038",2 Beekman St,New York,New York,$200 - $700,10038,40.7114014,-74.0064969,No,https://lh5.googleusercontent.com/p/AF1QipMy7YFxK3KmhFD1GZDxDHuy3u1Dk_GPbKb-RaA4=w800-h500-k-no,https://lh5.googleusercontent.com/p/AF1QipMy7YFxK3KmhFD1GZDxDHuy3u1Dk_GPbKb-RaA4=w1600-h1000-k-no,"{""Monday"": ""11AM-7PM"", ""Tuesday"": ""11AM-7PM"", ""Wednesday"": ""9AM-6PM"", ""Thursday"": ""9AM-5PM"", ""Friday"": ""9AM-4PM"", ""Saturday"": ""Closed"", ""Sunday"": ""Closed""}",https://lh6.googleusercontent.com/-By47yrXlBWk/AAAAAAAAAAI/AAAAAAAAAAA/nX8x8--F0qw/s44-p-k-no-ns-nd/photo.jpg,,https://removery.com/online-booking/?rsi=2d7320e2-ffad-4475-aa39-1b9681252a12,270,"https://www.google.com/maps/place/Removery+Tattoo+Removal+%26+Fading/@40.7114014,-74.0064969,14z/data=!4m8!1m2!2m1!1sRemovery+Tattoo+Removal+%26+Fading!3m4!1s0x89c25b54aeee8497:0x3d10aad672e097dd!8m2!3d40.7114014!4d-74.0064969"
Removery Tattoo Removal & Fading,https://removery.com/tattoo-removal/locations/ny/nyc/brooklyn-atlantic-ave/?rsi=3ecff237-8ef6-40d4-91f5-eb78b0566942,"Removery is the world’s leading tattoo removal company, specializing in safe, expert laser treatments to remove or fade unwanted ink.","{""Service options"": {""Language assistance"": ""English, Spanish""}, ""Accessibility"": {""Wheelchair accessible restroom"": true, ""Wheelchair accessible seating"": true}, ""Amenities"": {""Gender-neutral restroom"": true, ""Restroom"": true, ""Restaurant"": false}, ""Crowd"": {""LGBTQ+ friendly"": true, ""Transgender safespace"": true}, ""Planning"": {""Appointments recommended"": true}, ""Parking"": {""Paid street parking"": true}, ""Other"": {""LGBTQ+ friendly"": true}}",OPERATIONAL,+1 347-934-6064,"527 Atlantic Ave, Brooklyn, NY 11217",527 Atlantic Ave,Brooklyn,New York,$200 - $700,11217,40.685312,-73.9800218,No,https://lh5.googleusercontent.com/p/AF1QipPl25SACVsPfw2YByRELTiWW5krXJFP5OWRAboW=w800-h500-k-no,https://lh5.googleusercontent.com/p/AF1QipPl25SACVsPfw2YByRELTiWW5krXJFP5OWRAboW=w1600-h1000-k-no,"{""Monday"": ""Closed"", ""Tuesday"": ""9:30AM-6PM"", ""Wednesday"": ""9:30AM-6PM"", ""Thursday"": ""11AM-7PM"", ""Friday"": ""9AM-5PM"", ""Saturday"": ""9AM-1PM"", ""Sunday"": ""Closed""}",https://lh6.googleusercontent.com/-y38wxyTnHiM/AAAAAAAAAAI/AAAAAAAAAAA/dWwdBL523QY/s44-p-k-no-ns-nd/photo.jpg,,https://removery.com/online-booking/?rsi=2d7320e2-ffad-4475-aa39-1b9681252a12,501,"https://www.google.com/maps/place/Removery+Tattoo+Removal+%26+Fading/@40.685311999999996,-73.9800218,14z/data=!4m8!1m2!2m1!1sRemovery+Tattoo+Removal+%26+Fading!3m4!1s0x89c25b43fe4b783d:0x470002c821114a15!8m2!3d40.685311999999996!4d-73.9800218"
Clean Slate Laser Tattoo Removal,http://cleanslatelaser.com/?rsi=3ecff237-8ef6-40d4-91f5-eb78b0566942,Clean Slate Laser Tattoo Removal offers professional laser treatments to help clients achieve a clean slate by removing tattoos.,"{""Accessibility"": {""Wheelchair accessible restroom"": true}, ""Amenities"": {""Restroom"": true}, ""Planning"": {""Appointments recommended"": true}}",OPERATIONAL,+1 914-949-7943,"381 Park Ave S #1123, New York, NY 10016",381 Park Ave S #1123,New York,New York,$200 - $700,10016,40.7423869,-73.9842851,No,https://streetviewpixels-pa.googleapis.com/v1/thumbnail?panoid=Ix3eo2Pw2R5-W0v-J7FUXA&cb_client=search.gws-prod.gps&w=800&h=500&yaw=215.32935&pitch=0&thumbfov=100,https://streetviewpixels-pa.googleapis.com/v1/thumbnail?panoid=Ix3eo2Pw2R5-W0v-J7FUXA&cb_client=search.gws-prod.gps&w=1600&h=1000&yaw=215.32935&pitch=0&thumbfov=100,"{""Monday"": ""Closed"", ""Tuesday"": ""10AM-6PM"", ""Wednesday"": ""10AM-6PM"", ""Thursday"": ""11AM-7PM"", ""Friday"": ""10AM-6PM"", ""Saturday"": ""10AM-2PM"", ""Sunday"": ""Closed""}",,,,49,"https://www.google.com/maps/place/Clean+Slate+Laser+Tattoo+Removal/@40.7423869,-73.9842851,14z/data=!4m8!1m2!2m1!1sClean+Slate+Laser+Tattoo+Removal!3m4!1s0x89c259adb1c70951:0x24ef00f43cfad28b!8m2!3d40.7423869!4d-73.9842851"
Inkless Tattoo Removal,https://inklesstattooremoval.com/,"Inkless Tattoo Removal provides innovative tattoo removal solutions, specializing in safe and effective laser treatments.","{""Amenities"": {""Restroom"": true}, ""Planning"": {""Appointments recommended"": true}}",OPERATIONAL,+1 720-465-5377,"65 W 36th St. 11th Floor, New York, NY 10018",65 W 36th St. 11th Floor,New York,New York,$200 - $700,10018,40.7510316,-73.9861709,https://lh5.googleusercontent.com/p/AF1QipMdvB7WROmDABVvJ5Y2lPou3Yw5KF0kbKl2RndK=w800-h500-k-no,https://lh5.googleusercontent.com/p/AF1QipMdvB7WROmDABVvJ5Y2lPou3Yw5KF0kbKl2RndK=w800-h500-k-no,https://lh5.googleusercontent.com/p/AF1QipMdvB7WROmDABVvJ5Y2lPou3Yw5KF0kbKl2RndK=w1600-h1000-k-no,"{""Monday"": ""12-7PM"", ""Tuesday"": ""12-7PM"", ""Wednesday"": ""12PM-12AM"", ""Thursday"": ""12-7AM,12-7PM"", ""Friday"": ""12-7PM"", ""Saturday"": ""12-7PM"", ""Sunday"": ""Closed""}",https://lh4.googleusercontent.com/-M0BpJePeQs4/AAAAAAAAAAI/AAAAAAAAAAA/kDMc_rDK3zg/s44-p-k-no-ns-nd/photo.jpg,,https://www.inklesstattooremoval.com/tryinkless,82,"https://www.google.com/maps/place/Inkless+Tattoo+Removal/@40.7510316,-73.98617089999999,14z/data=!4m8!1m2!2m1!1sInkless+Tattoo+Removal!3m4!1s0x89c259a223efe4fb:0x42b9b8a372416361!8m2!3d40.7510316!4d-73.98617089999999"
